image,true_label,pred_label,confidence,correct
normal_00011.png,NORMAL,NORMAL,1.0,True
normal_00015.png,NORMAL,NORMAL,1.0,True
normal_00017.png,NORMAL,NORMAL,1.0,True
normal_00019.png,NORMAL,NORMAL,1.0,True
normal_00020.png,NORMAL,NORMAL,1.0,True
normal_00021.png,NORMAL,NORMAL,1.0,True
normal_00023.png,NORMAL,NORMAL,1.0,True
normal_00027.png,NORMAL,NORMAL,1.0,True
normal_00028.png,NORMAL,NORMAL,1.0,True
normal_00030.png,NORMAL,NORMAL,1.0,True
normal_00031.png,NORMAL,NORMAL,1.0,True
normal_00032.png,NORMAL,NORMAL,1.0,True
normal_00034.png,NORMAL,NORMAL,1.0,True
normal_00035.png,NORMAL,NORMAL,1.0,True
normal_00036.png,NORMAL,NORMAL,1.0,True
normal_00038.png,NORMAL,NORMAL,1.0,True
normal_00039.png,NORMAL,NORMAL,1.0,True
normal_00042.png,NORMAL,NORMAL,1.0,True
normal_00044.png,NORMAL,NORMAL,1.0,True
normal_00045.png,NORMAL,NORMAL,1.0,True
normal_00047.png,NORMAL,NORMAL,1.0,True
normal_00051.png,NORMAL,NORMAL,1.0,True
normal_00054.png,NORMAL,NORMAL,1.0,True
normal_00057.png,NORMAL,NORMAL,1.0,True
normal_00058.png,NORMAL,NORMAL,1.0,True
normal_00064.png,NORMAL,NORMAL,1.0,True
normal_00065.png,NORMAL,NORMAL,1.0,True
normal_00067.png,NORMAL,NORMAL,1.0,True
normal_00068.png,NORMAL,NORMAL,0.9995,True
normal_00069.png,NORMAL,NORMAL,0.9994,True
normal_00074.png,NORMAL,NORMAL,1.0,True
normal_00077.png,NORMAL,NORMAL,1.0,True
normal_00079.png,NORMAL,NORMAL,1.0,True
normal_00080.png,NORMAL,NORMAL,1.0,True
normal_00081.png,NORMAL,NORMAL,1.0,True
normal_00085.png,NORMAL,NORMAL,1.0,True
normal_00086.png,NORMAL,NORMAL,1.0,True
normal_00090.png,NORMAL,NORMAL,1.0,True
normal_00091.png,NORMAL,TUBERCULOSIS,0.9887,False
normal_00092.png,NORMAL,NORMAL,1.0,True
normal_00098.png,NORMAL,NORMAL,1.0,True
normal_00099.png,NORMAL,NORMAL,1.0,True
normal_00102.png,NORMAL,NORMAL,1.0,True
normal_00104.png,NORMAL,NORMAL,0.9997,True
normal_00105.png,NORMAL,NORMAL,1.0,True
normal_00109.png,NORMAL,NORMAL,1.0,True
normal_00113.png,NORMAL,NORMAL,1.0,True
normal_00114.png,NORMAL,NORMAL,1.0,True
normal_00116.png,NORMAL,NORMAL,1.0,True
normal_00117.png,NORMAL,NORMAL,1.0,True
normal_00120.png,NORMAL,NORMAL,1.0,True
normal_00121.png,NORMAL,NORMAL,1.0,True
normal_00126.png,NORMAL,NORMAL,1.0,True
normal_00127.png,NORMAL,NORMAL,1.0,True
normal_00130.png,NORMAL,NORMAL,0.9999,True
normal_00133.png,NORMAL,TUBERCULOSIS,0.8066,False
normal_00139.png,NORMAL,NORMAL,1.0,True
normal_00140.png,NORMAL,NORMAL,0.9999,True
normal_00141.png,NORMAL,NORMAL,1.0,True
normal_00142.png,NORMAL,NORMAL,1.0,True
normal_00145.png,NORMAL,NORMAL,0.9998,True
normal_00146.png,NORMAL,NORMAL,1.0,True
normal_00148.png,NORMAL,NORMAL,1.0,True
normal_00150.png,NORMAL,NORMAL,1.0,True
normal_00154.png,NORMAL,NORMAL,1.0,True
normal_00155.png,NORMAL,NORMAL,1.0,True
normal_00156.png,NORMAL,NORMAL,1.0,True
normal_00157.png,NORMAL,NORMAL,1.0,True
normal_00161.png,NORMAL,NORMAL,1.0,True
normal_00168.png,NORMAL,NORMAL,1.0,True
normal_00172.png,NORMAL,NORMAL,1.0,True
normal_00173.png,NORMAL,NORMAL,1.0,True
normal_00175.png,NORMAL,NORMAL,1.0,True
normal_00176.png,NORMAL,NORMAL,1.0,True
normal_00177.png,NORMAL,NORMAL,1.0,True
normal_00178.png,NORMAL,NORMAL,1.0,True
normal_00180.png,NORMAL,TUBERCULOSIS,0.7939,False
normal_00185.png,NORMAL,NORMAL,0.9879,True
normal_00186.png,NORMAL,NORMAL,1.0,True
normal_00189.png,NORMAL,NORMAL,1.0,True
normal_00193.png,NORMAL,NORMAL,1.0,True
normal_00196.png,NORMAL,NORMAL,0.9986,True
normal_00201.png,NORMAL,NORMAL,1.0,True
normal_00203.png,NORMAL,NORMAL,1.0,True
normal_00208.png,NORMAL,NORMAL,0.9999,True
normal_00211.png,NORMAL,NORMAL,1.0,True
normal_00212.png,NORMAL,NORMAL,0.9907,True
normal_00214.png,NORMAL,NORMAL,1.0,True
normal_00221.png,NORMAL,NORMAL,0.9992,True
normal_00222.png,NORMAL,NORMAL,0.9964,True
normal_00224.png,NORMAL,NORMAL,0.9999,True
normal_00227.png,NORMAL,NORMAL,1.0,True
normal_00233.png,NORMAL,NORMAL,1.0,True
normal_00237.png,NORMAL,NORMAL,1.0,True
normal_00238.png,NORMAL,NORMAL,1.0,True
normal_00239.png,NORMAL,NORMAL,1.0,True
normal_00246.png,NORMAL,NORMAL,1.0,True
normal_00247.png,NORMAL,NORMAL,0.9999,True
normal_00248.png,NORMAL,NORMAL,1.0,True
normal_00252.png,NORMAL,NORMAL,1.0,True
normal_00257.png,NORMAL,NORMAL,0.9998,True
normal_00260.png,NORMAL,NORMAL,1.0,True
normal_00265.png,NORMAL,NORMAL,1.0,True
normal_00267.png,NORMAL,NORMAL,1.0,True
normal_00270.png,NORMAL,NORMAL,0.9991,True
normal_00273.png,NORMAL,NORMAL,1.0,True
normal_00275.png,NORMAL,NORMAL,1.0,True
normal_00276.png,NORMAL,NORMAL,1.0,True
normal_00277.png,NORMAL,NORMAL,1.0,True
normal_00278.png,NORMAL,NORMAL,1.0,True
normal_00280.png,NORMAL,NORMAL,0.9999,True
normal_00281.png,NORMAL,NORMAL,1.0,True
normal_00283.png,NORMAL,NORMAL,0.9999,True
normal_00285.png,NORMAL,NORMAL,1.0,True
normal_00287.png,NORMAL,NORMAL,1.0,True
normal_00290.png,NORMAL,NORMAL,1.0,True
normal_00295.png,NORMAL,NORMAL,1.0,True
normal_00297.png,NORMAL,NORMAL,0.9944,True
normal_00298.png,NORMAL,NORMAL,1.0,True
normal_00302.png,NORMAL,NORMAL,1.0,True
normal_00305.png,NORMAL,NORMAL,0.9999,True
normal_00306.png,NORMAL,NORMAL,1.0,True
normal_00311.png,NORMAL,NORMAL,1.0,True
normal_00315.png,NORMAL,NORMAL,1.0,True
normal_00321.png,NORMAL,NORMAL,1.0,True
normal_00323.png,NORMAL,NORMAL,1.0,True
normal_00326.png,NORMAL,NORMAL,1.0,True
normal_00329.png,NORMAL,NORMAL,1.0,True
normal_00332.png,NORMAL,NORMAL,1.0,True
normal_00333.png,NORMAL,NORMAL,0.9998,True
normal_00336.png,NORMAL,NORMAL,1.0,True
normal_00338.png,NORMAL,NORMAL,1.0,True
normal_00343.png,NORMAL,NORMAL,1.0,True
normal_00345.png,NORMAL,NORMAL,1.0,True
normal_00346.png,NORMAL,NORMAL,1.0,True
normal_00349.png,NORMAL,NORMAL,1.0,True
normal_00350.png,NORMAL,NORMAL,1.0,True
normal_00355.png,NORMAL,NORMAL,1.0,True
normal_00357.png,NORMAL,NORMAL,1.0,True
normal_00361.png,NORMAL,NORMAL,1.0,True
normal_00364.png,NORMAL,NORMAL,1.0,True
normal_00365.png,NORMAL,NORMAL,1.0,True
normal_00368.png,NORMAL,NORMAL,1.0,True
normal_00369.png,NORMAL,NORMAL,0.9897,True
normal_00370.png,NORMAL,NORMAL,1.0,True
normal_00371.png,NORMAL,NORMAL,1.0,True
normal_00372.png,NORMAL,NORMAL,1.0,True
normal_00375.png,NORMAL,NORMAL,1.0,True
normal_00376.png,NORMAL,NORMAL,1.0,True
normal_00380.png,NORMAL,NORMAL,1.0,True
normal_00381.png,NORMAL,NORMAL,1.0,True
normal_00382.png,NORMAL,NORMAL,1.0,True
normal_00384.png,NORMAL,NORMAL,1.0,True
normal_00386.png,NORMAL,NORMAL,0.9975,True
normal_00387.png,NORMAL,NORMAL,1.0,True
normal_00390.png,NORMAL,NORMAL,0.9999,True
normal_00391.png,NORMAL,NORMAL,1.0,True
normal_00393.png,NORMAL,NORMAL,0.9999,True
normal_00396.png,NORMAL,NORMAL,0.9998,True
normal_00397.png,NORMAL,NORMAL,1.0,True
normal_00398.png,NORMAL,NORMAL,1.0,True
normal_00399.png,NORMAL,NORMAL,1.0,True
normal_00401.png,NORMAL,NORMAL,1.0,True
normal_00403.png,NORMAL,NORMAL,1.0,True
normal_00412.png,NORMAL,NORMAL,1.0,True
normal_00415.png,NORMAL,NORMAL,1.0,True
normal_00418.png,NORMAL,NORMAL,1.0,True
normal_00420.png,NORMAL,NORMAL,1.0,True
normal_00424.png,NORMAL,NORMAL,1.0,True
normal_00426.png,NORMAL,NORMAL,1.0,True
normal_00427.png,NORMAL,NORMAL,1.0,True
normal_00428.png,NORMAL,NORMAL,1.0,True
normal_00429.png,NORMAL,NORMAL,1.0,True
normal_00432.png,NORMAL,NORMAL,1.0,True
normal_00435.png,NORMAL,NORMAL,1.0,True
normal_00439.png,NORMAL,NORMAL,1.0,True
normal_00440.png,NORMAL,NORMAL,0.9264,True
normal_00443.png,NORMAL,NORMAL,0.9983,True
normal_00444.png,NORMAL,NORMAL,1.0,True
normal_00446.png,NORMAL,NORMAL,1.0,True
normal_00455.png,NORMAL,NORMAL,1.0,True
normal_00459.png,NORMAL,NORMAL,1.0,True
normal_00462.png,NORMAL,NORMAL,1.0,True
normal_00464.png,NORMAL,NORMAL,1.0,True
normal_00465.png,NORMAL,NORMAL,1.0,True
normal_00471.png,NORMAL,NORMAL,1.0,True
normal_00475.png,NORMAL,NORMAL,1.0,True
normal_00478.png,NORMAL,NORMAL,1.0,True
normal_00480.png,NORMAL,NORMAL,1.0,True
normal_00481.png,NORMAL,NORMAL,1.0,True
normal_00483.png,NORMAL,NORMAL,0.9995,True
normal_00484.png,NORMAL,NORMAL,1.0,True
normal_00486.png,NORMAL,NORMAL,0.9998,True
normal_00490.png,NORMAL,NORMAL,1.0,True
normal_00492.png,NORMAL,NORMAL,1.0,True
normal_00495.png,NORMAL,NORMAL,0.9981,True
normal_00496.png,NORMAL,NORMAL,1.0,True
normal_00500.png,NORMAL,NORMAL,1.0,True
normal_00503.png,NORMAL,NORMAL,1.0,True
normal_00504.png,NORMAL,NORMAL,1.0,True
normal_00505.png,NORMAL,NORMAL,1.0,True
normal_00508.png,NORMAL,NORMAL,0.9995,True
normal_00509.png,NORMAL,NORMAL,1.0,True
normal_00510.png,NORMAL,NORMAL,1.0,True
normal_00511.png,NORMAL,NORMAL,1.0,True
normal_00513.png,NORMAL,NORMAL,0.9996,True
normal_00514.png,NORMAL,NORMAL,1.0,True
normal_00516.png,NORMAL,NORMAL,0.998,True
normal_00523.png,NORMAL,NORMAL,1.0,True
normal_00525.png,NORMAL,NORMAL,1.0,True
normal_00526.png,NORMAL,NORMAL,1.0,True
normal_00529.png,NORMAL,NORMAL,1.0,True
normal_00532.png,NORMAL,NORMAL,1.0,True
normal_00537.png,NORMAL,NORMAL,1.0,True
normal_00545.png,NORMAL,NORMAL,1.0,True
normal_00548.png,NORMAL,NORMAL,1.0,True
normal_00555.png,NORMAL,NORMAL,1.0,True
normal_00558.png,NORMAL,NORMAL,1.0,True
normal_00560.png,NORMAL,NORMAL,1.0,True
normal_00561.png,NORMAL,NORMAL,1.0,True
normal_00569.png,NORMAL,NORMAL,1.0,True
normal_00578.png,NORMAL,NORMAL,1.0,True
normal_00580.png,NORMAL,NORMAL,1.0,True
normal_00581.png,NORMAL,NORMAL,1.0,True
normal_00587.png,NORMAL,NORMAL,1.0,True
normal_00588.png,NORMAL,NORMAL,1.0,True
normal_00589.png,NORMAL,NORMAL,0.9999,True
normal_00592.png,NORMAL,NORMAL,1.0,True
normal_00596.png,NORMAL,NORMAL,1.0,True
normal_00600.png,NORMAL,NORMAL,1.0,True
normal_00604.png,NORMAL,NORMAL,1.0,True
normal_00605.png,NORMAL,NORMAL,1.0,True
normal_00606.png,NORMAL,NORMAL,1.0,True
normal_00607.png,NORMAL,NORMAL,1.0,True
normal_00614.png,NORMAL,NORMAL,1.0,True
normal_00615.png,NORMAL,NORMAL,1.0,True
normal_00617.png,NORMAL,NORMAL,1.0,True
normal_00619.png,NORMAL,NORMAL,1.0,True
normal_00623.png,NORMAL,NORMAL,1.0,True
normal_00626.png,NORMAL,NORMAL,1.0,True
normal_00628.png,NORMAL,NORMAL,1.0,True
normal_00629.png,NORMAL,NORMAL,1.0,True
normal_00632.png,NORMAL,NORMAL,1.0,True
normal_00633.png,NORMAL,NORMAL,1.0,True
normal_00634.png,NORMAL,NORMAL,1.0,True
normal_00641.png,NORMAL,NORMAL,1.0,True
normal_00642.png,NORMAL,NORMAL,1.0,True
normal_00644.png,NORMAL,NORMAL,1.0,True
normal_00646.png,NORMAL,NORMAL,1.0,True
normal_00648.png,NORMAL,NORMAL,1.0,True
normal_00649.png,NORMAL,NORMAL,1.0,True
normal_00651.png,NORMAL,NORMAL,1.0,True
normal_00652.png,NORMAL,NORMAL,1.0,True
normal_00654.png,NORMAL,NORMAL,1.0,True
normal_00656.png,NORMAL,NORMAL,1.0,True
normal_00659.png,NORMAL,NORMAL,1.0,True
normal_00660.png,NORMAL,NORMAL,1.0,True
normal_00667.png,NORMAL,NORMAL,1.0,True
normal_00671.png,NORMAL,NORMAL,1.0,True
normal_00672.png,NORMAL,NORMAL,1.0,True
normal_00673.png,NORMAL,NORMAL,1.0,True
normal_00679.png,NORMAL,NORMAL,1.0,True
normal_00681.png,NORMAL,NORMAL,1.0,True
normal_00687.png,NORMAL,NORMAL,1.0,True
normal_00689.png,NORMAL,NORMAL,1.0,True
normal_00691.png,NORMAL,NORMAL,1.0,True
normal_00693.png,NORMAL,NORMAL,1.0,True
normal_00694.png,NORMAL,NORMAL,1.0,True
normal_00695.png,NORMAL,NORMAL,1.0,True
normal_00696.png,NORMAL,NORMAL,1.0,True
normal_00701.png,NORMAL,NORMAL,1.0,True
normal_00702.png,NORMAL,NORMAL,1.0,True
normal_00711.png,NORMAL,NORMAL,1.0,True
normal_00712.png,NORMAL,NORMAL,1.0,True
normal_00713.png,NORMAL,NORMAL,1.0,True
normal_00715.png,NORMAL,NORMAL,1.0,True
normal_00716.png,NORMAL,NORMAL,1.0,True
normal_00717.png,NORMAL,NORMAL,1.0,True
normal_00718.png,NORMAL,NORMAL,1.0,True
normal_00719.png,NORMAL,NORMAL,1.0,True
normal_00720.png,NORMAL,NORMAL,1.0,True
normal_00726.png,NORMAL,NORMAL,1.0,True
normal_00727.png,NORMAL,NORMAL,1.0,True
normal_00729.png,NORMAL,NORMAL,1.0,True
normal_00737.png,NORMAL,NORMAL,1.0,True
normal_00738.png,NORMAL,NORMAL,1.0,True
normal_00740.png,NORMAL,NORMAL,1.0,True
normal_00743.png,NORMAL,NORMAL,1.0,True
normal_00751.png,NORMAL,NORMAL,1.0,True
normal_00752.png,NORMAL,NORMAL,1.0,True
normal_00753.png,NORMAL,NORMAL,1.0,True
normal_00757.png,NORMAL,NORMAL,1.0,True
normal_00758.png,NORMAL,NORMAL,1.0,True
normal_00762.png,NORMAL,NORMAL,1.0,True
normal_00763.png,NORMAL,NORMAL,1.0,True
normal_00765.png,NORMAL,NORMAL,1.0,True
normal_00768.png,NORMAL,NORMAL,1.0,True
normal_00771.png,NORMAL,NORMAL,1.0,True
normal_00773.png,NORMAL,NORMAL,1.0,True
normal_00775.png,NORMAL,NORMAL,1.0,True
normal_00784.png,NORMAL,NORMAL,1.0,True
normal_00787.png,NORMAL,NORMAL,1.0,True
normal_00790.png,NORMAL,NORMAL,1.0,True
normal_00791.png,NORMAL,NORMAL,1.0,True
normal_00792.png,NORMAL,NORMAL,1.0,True
normal_00793.png,NORMAL,NORMAL,1.0,True
normal_00794.png,NORMAL,NORMAL,1.0,True
normal_00797.png,NORMAL,NORMAL,1.0,True
normal_00799.png,NORMAL,NORMAL,1.0,True
normal_00801.png,NORMAL,NORMAL,1.0,True
normal_00805.png,NORMAL,NORMAL,1.0,True
normal_00806.png,NORMAL,NORMAL,1.0,True
normal_00807.png,NORMAL,NORMAL,1.0,True
normal_00812.png,NORMAL,NORMAL,1.0,True
normal_00813.png,NORMAL,NORMAL,1.0,True
normal_00815.png,NORMAL,NORMAL,1.0,True
normal_00816.png,NORMAL,NORMAL,1.0,True
normal_00829.png,NORMAL,NORMAL,1.0,True
normal_00830.png,NORMAL,NORMAL,1.0,True
normal_00831.png,NORMAL,NORMAL,1.0,True
normal_00832.png,NORMAL,NORMAL,1.0,True
normal_00835.png,NORMAL,NORMAL,1.0,True
normal_00838.png,NORMAL,NORMAL,1.0,True
normal_00839.png,NORMAL,NORMAL,1.0,True
normal_00842.png,NORMAL,NORMAL,1.0,True
normal_00843.png,NORMAL,NORMAL,1.0,True
normal_00844.png,NORMAL,NORMAL,1.0,True
normal_00846.png,NORMAL,NORMAL,1.0,True
normal_00847.png,NORMAL,NORMAL,1.0,True
normal_00848.png,NORMAL,NORMAL,1.0,True
normal_00849.png,NORMAL,NORMAL,1.0,True
normal_00852.png,NORMAL,NORMAL,1.0,True
normal_00853.png,NORMAL,NORMAL,1.0,True
normal_00858.png,NORMAL,NORMAL,1.0,True
normal_00859.png,NORMAL,NORMAL,1.0,True
normal_00863.png,NORMAL,NORMAL,1.0,True
normal_00864.png,NORMAL,NORMAL,1.0,True
normal_00868.png,NORMAL,NORMAL,1.0,True
normal_00869.png,NORMAL,NORMAL,1.0,True
normal_00871.png,NORMAL,NORMAL,1.0,True
normal_00872.png,NORMAL,NORMAL,1.0,True
normal_00873.png,NORMAL,NORMAL,1.0,True
normal_00874.png,NORMAL,NORMAL,1.0,True
normal_00876.png,NORMAL,NORMAL,1.0,True
normal_00884.png,NORMAL,NORMAL,1.0,True
normal_00890.png,NORMAL,NORMAL,1.0,True
normal_00892.png,NORMAL,NORMAL,1.0,True
normal_00895.png,NORMAL,NORMAL,1.0,True
normal_00897.png,NORMAL,NORMAL,1.0,True
normal_00900.png,NORMAL,NORMAL,1.0,True
normal_00903.png,NORMAL,NORMAL,1.0,True
normal_00906.png,NORMAL,NORMAL,1.0,True
normal_00911.png,NORMAL,NORMAL,1.0,True
normal_00914.png,NORMAL,NORMAL,1.0,True
normal_00915.png,NORMAL,NORMAL,1.0,True
normal_00916.png,NORMAL,NORMAL,1.0,True
normal_00924.png,NORMAL,NORMAL,1.0,True
normal_00925.png,NORMAL,NORMAL,1.0,True
normal_00932.png,NORMAL,NORMAL,1.0,True
normal_00934.png,NORMAL,NORMAL,1.0,True
normal_00935.png,NORMAL,NORMAL,1.0,True
normal_00936.png,NORMAL,NORMAL,1.0,True
normal_00942.png,NORMAL,NORMAL,1.0,True
normal_00945.png,NORMAL,NORMAL,1.0,True
normal_00948.png,NORMAL,NORMAL,1.0,True
normal_00951.png,NORMAL,NORMAL,1.0,True
normal_00953.png,NORMAL,NORMAL,1.0,True
normal_00955.png,NORMAL,NORMAL,1.0,True
normal_00956.png,NORMAL,NORMAL,1.0,True
normal_00960.png,NORMAL,NORMAL,1.0,True
normal_00961.png,NORMAL,NORMAL,1.0,True
normal_00962.png,NORMAL,NORMAL,1.0,True
normal_00964.png,NORMAL,NORMAL,1.0,True
normal_00971.png,NORMAL,NORMAL,1.0,True
normal_00973.png,NORMAL,NORMAL,1.0,True
normal_00974.png,NORMAL,NORMAL,1.0,True
normal_00975.png,NORMAL,NORMAL,1.0,True
normal_00976.png,NORMAL,NORMAL,1.0,True
normal_00979.png,NORMAL,NORMAL,1.0,True
normal_00980.png,NORMAL,NORMAL,1.0,True
normal_00981.png,NORMAL,NORMAL,1.0,True
normal_00984.png,NORMAL,NORMAL,1.0,True
normal_00985.png,NORMAL,NORMAL,1.0,True
normal_00986.png,NORMAL,NORMAL,1.0,True
normal_00989.png,NORMAL,NORMAL,1.0,True
normal_00993.png,NORMAL,NORMAL,1.0,True
normal_00995.png,NORMAL,NORMAL,1.0,True
normal_00996.png,NORMAL,NORMAL,1.0,True
normal_00997.png,NORMAL,NORMAL,1.0,True
normal_00998.png,NORMAL,NORMAL,1.0,True
normal_01000.png,NORMAL,NORMAL,1.0,True
normal_01004.png,NORMAL,NORMAL,1.0,True
normal_01005.png,NORMAL,NORMAL,1.0,True
normal_01008.png,NORMAL,NORMAL,1.0,True
normal_01010.png,NORMAL,NORMAL,1.0,True
normal_01013.png,NORMAL,NORMAL,1.0,True
normal_01014.png,NORMAL,NORMAL,1.0,True
normal_01015.png,NORMAL,NORMAL,1.0,True
normal_01016.png,NORMAL,NORMAL,1.0,True
normal_01017.png,NORMAL,NORMAL,1.0,True
normal_01020.png,NORMAL,NORMAL,1.0,True
normal_01022.png,NORMAL,NORMAL,1.0,True
normal_01025.png,NORMAL,NORMAL,1.0,True
normal_01027.png,NORMAL,NORMAL,1.0,True
normal_01028.png,NORMAL,NORMAL,1.0,True
normal_01029.png,NORMAL,NORMAL,1.0,True
normal_01030.png,NORMAL,NORMAL,1.0,True
normal_01032.png,NORMAL,NORMAL,1.0,True
normal_01037.png,NORMAL,NORMAL,1.0,True
normal_01038.png,NORMAL,NORMAL,1.0,True
normal_01041.png,NORMAL,NORMAL,1.0,True
normal_01042.png,NORMAL,NORMAL,1.0,True
normal_01045.png,NORMAL,NORMAL,1.0,True
normal_01049.png,NORMAL,NORMAL,1.0,True
normal_01052.png,NORMAL,NORMAL,1.0,True
normal_01054.png,NORMAL,NORMAL,1.0,True
normal_01057.png,NORMAL,NORMAL,1.0,True
normal_01060.png,NORMAL,NORMAL,1.0,True
normal_01061.png,NORMAL,NORMAL,1.0,True
normal_01065.png,NORMAL,NORMAL,1.0,True
normal_01067.png,NORMAL,NORMAL,1.0,True
normal_01069.png,NORMAL,NORMAL,1.0,True
normal_01070.png,NORMAL,NORMAL,1.0,True
normal_01071.png,NORMAL,NORMAL,1.0,True
normal_01073.png,NORMAL,NORMAL,1.0,True
normal_01074.png,NORMAL,NORMAL,1.0,True
normal_01076.png,NORMAL,NORMAL,1.0,True
normal_01078.png,NORMAL,NORMAL,1.0,True
normal_01079.png,NORMAL,NORMAL,1.0,True
normal_01082.png,NORMAL,NORMAL,0.9985,True
normal_01085.png,NORMAL,NORMAL,0.9989,True
normal_01086.png,NORMAL,NORMAL,1.0,True
normal_01097.png,NORMAL,NORMAL,1.0,True
normal_01100.png,NORMAL,NORMAL,0.9999,True
normal_01103.png,NORMAL,NORMAL,1.0,True
normal_01104.png,NORMAL,NORMAL,1.0,True
normal_01105.png,NORMAL,NORMAL,1.0,True
normal_01107.png,NORMAL,NORMAL,0.9997,True
normal_01115.png,NORMAL,NORMAL,1.0,True
normal_01116.png,NORMAL,NORMAL,1.0,True
normal_01119.png,NORMAL,NORMAL,1.0,True
normal_01123.png,NORMAL,NORMAL,1.0,True
normal_01124.png,NORMAL,NORMAL,1.0,True
normal_01127.png,NORMAL,NORMAL,0.9999,True
normal_01129.png,NORMAL,NORMAL,1.0,True
normal_01131.png,NORMAL,NORMAL,1.0,True
normal_01135.png,NORMAL,NORMAL,0.9988,True
normal_01139.png,NORMAL,NORMAL,1.0,True
normal_01140.png,NORMAL,NORMAL,1.0,True
normal_01143.png,NORMAL,NORMAL,0.9999,True
normal_01144.png,NORMAL,NORMAL,1.0,True
normal_01147.png,NORMAL,TUBERCULOSIS,0.6407,False
normal_01148.png,NORMAL,NORMAL,1.0,True
normal_01151.png,NORMAL,NORMAL,1.0,True
normal_01152.png,NORMAL,TUBERCULOSIS,0.8127,False
tb_00001.png,TUBERCULOSIS,TUBERCULOSIS,1.0,True
tb_00002.png,TUBERCULOSIS,TUBERCULOSIS,1.0,True
tb_00005.png,TUBERCULOSIS,TUBERCULOSIS,0.9999,True
tb_00006.png,TUBERCULOSIS,TUBERCULOSIS,0.9999,True
tb_00007.png,TUBERCULOSIS,TUBERCULOSIS,1.0,True
tb_00008.png,TUBERCULOSIS,TUBERCULOSIS,1.0,True
tb_00009.png,TUBERCULOSIS,TUBERCULOSIS,0.9994,True
tb_00010.png,TUBERCULOSIS,TUBERCULOSIS,1.0,True
tb_00011.png,TUBERCULOSIS,TUBERCULOSIS,1.0,True
tb_00012.png,TUBERCULOSIS,TUBERCULOSIS,0.9983,True
tb_00013.png,TUBERCULOSIS,TUBERCULOSIS,1.0,True
tb_00014.png,TUBERCULOSIS,TUBERCULOSIS,0.9882,True
tb_00015.png,TUBERCULOSIS,TUBERCULOSIS,0.9949,True
tb_00016.png,TUBERCULOSIS,TUBERCULOSIS,1.0,True
tb_00017.png,TUBERCULOSIS,TUBERCULOSIS,1.0,True
tb_00018.png,TUBERCULOSIS,TUBERCULOSIS,0.9966,True
tb_00020.png,TUBERCULOSIS,TUBERCULOSIS,1.0,True
tb_00021.png,TUBERCULOSIS,TUBERCULOSIS,1.0,True
tb_00022.png,TUBERCULOSIS,TUBERCULOSIS,1.0,True
tb_00023.png,TUBERCULOSIS,TUBERCULOSIS,1.0,True
tb_00024.png,TUBERCULOSIS,TUBERCULOSIS,1.0,True
tb_00025.png,TUBERCULOSIS,TUBERCULOSIS,1.0,True
tb_00026.png,TUBERCULOSIS,TUBERCULOSIS,1.0,True
tb_00027.png,TUBERCULOSIS,TUBERCULOSIS,1.0,True
tb_00028.png,TUBERCULOSIS,TUBERCULOSIS,1.0,True
tb_00029.png,TUBERCULOSIS,TUBERCULOSIS,1.0,True
tb_00030.png,TUBERCULOSIS,TUBERCULOSIS,1.0,True
tb_00032.png,TUBERCULOSIS,TUBERCULOSIS,1.0,True
tb_00033.png,TUBERCULOSIS,TUBERCULOSIS,1.0,True
tb_00034.png,TUBERCULOSIS,TUBERCULOSIS,0.9998,True
tb_00036.png,TUBERCULOSIS,TUBERCULOSIS,1.0,True
tb_00037.png,TUBERCULOSIS,TUBERCULOSIS,1.0,True
tb_00038.png,TUBERCULOSIS,TUBERCULOSIS,1.0,True
tb_00039.png,TUBERCULOSIS,TUBERCULOSIS,1.0,True
tb_00040.png,TUBERCULOSIS,TUBERCULOSIS,1.0,True
tb_00041.png,TUBERCULOSIS,TUBERCULOSIS,1.0,True
tb_00042.png,TUBERCULOSIS,TUBERCULOSIS,1.0,True
tb_00045.png,TUBERCULOSIS,TUBERCULOSIS,1.0,True
tb_00047.png,TUBERCULOSIS,TUBERCULOSIS,1.0,True
tb_00048.png,TUBERCULOSIS,TUBERCULOSIS,1.0,True
tb_00050.png,TUBERCULOSIS,TUBERCULOSIS,1.0,True
tb_00051.png,TUBERCULOSIS,TUBERCULOSIS,1.0,True
tb_00055.png,TUBERCULOSIS,TUBERCULOSIS,1.0,True
tb_00056.png,TUBERCULOSIS,TUBERCULOSIS,0.9999,True
tb_00057.png,TUBERCULOSIS,TUBERCULOSIS,0.9986,True
tb_00058.png,TUBERCULOSIS,TUBERCULOSIS,0.9999,True
tb_00059.png,TUBERCULOSIS,TUBERCULOSIS,1.0,True
tb_00060.png,TUBERCULOSIS,TUBERCULOSIS,1.0,True
tb_00063.png,TUBERCULOSIS,TUBERCULOSIS,1.0,True
tb_00064.png,TUBERCULOSIS,TUBERCULOSIS,1.0,True
tb_00065.png,TUBERCULOSIS,TUBERCULOSIS,1.0,True
tb_00066.png,TUBERCULOSIS,TUBERCULOSIS,1.0,True
tb_00067.png,TUBERCULOSIS,TUBERCULOSIS,1.0,True
tb_00068.png,TUBERCULOSIS,TUBERCULOSIS,1.0,True
tb_00069.png,TUBERCULOSIS,TUBERCULOSIS,1.0,True
tb_00070.png,TUBERCULOSIS,TUBERCULOSIS,0.9993,True
tb_00071.png,TUBERCULOSIS,TUBERCULOSIS,1.0,True
tb_00072.png,TUBERCULOSIS,TUBERCULOSIS,1.0,True
tb_00073.png,TUBERCULOSIS,TUBERCULOSIS,1.0,True
tb_00074.png,TUBERCULOSIS,TUBERCULOSIS,1.0,True
tb_00075.png,TUBERCULOSIS,TUBERCULOSIS,0.9987,True
tb_00076.png,TUBERCULOSIS,TUBERCULOSIS,1.0,True
tb_00077.png,TUBERCULOSIS,TUBERCULOSIS,1.0,True
tb_00080.png,TUBERCULOSIS,TUBERCULOSIS,1.0,True
tb_00081.png,TUBERCULOSIS,TUBERCULOSIS,1.0,True
tb_00084.png,TUBERCULOSIS,TUBERCULOSIS,1.0,True
tb_00085.png,TUBERCULOSIS,TUBERCULOSIS,1.0,True
tb_00086.png,TUBERCULOSIS,TUBERCULOSIS,1.0,True
tb_00087.png,TUBERCULOSIS,TUBERCULOSIS,1.0,True
tb_00088.png,TUBERCULOSIS,TUBERCULOSIS,1.0,True
tb_00090.png,TUBERCULOSIS,TUBERCULOSIS,1.0,True
tb_00091.png,TUBERCULOSIS,TUBERCULOSIS,0.9998,True
tb_00095.png,TUBERCULOSIS,TUBERCULOSIS,1.0,True
tb_00096.png,TUBERCULOSIS,TUBERCULOSIS,1.0,True
tb_00097.png,TUBERCULOSIS,TUBERCULOSIS,0.9987,True
tb_00098.png,TUBERCULOSIS,TUBERCULOSIS,1.0,True
tb_00099.png,TUBERCULOSIS,TUBERCULOSIS,0.9999,True
tb_00101.png,TUBERCULOSIS,TUBERCULOSIS,1.0,True
tb_00103.png,TUBERCULOSIS,TUBERCULOSIS,0.9999,True
tb_00106.png,TUBERCULOSIS,TUBERCULOSIS,1.0,True
tb_00107.png,TUBERCULOSIS,TUBERCULOSIS,1.0,True
tb_00108.png,TUBERCULOSIS,TUBERCULOSIS,1.0,True
tb_00109.png,TUBERCULOSIS,TUBERCULOSIS,1.0,True
tb_00110.png,TUBERCULOSIS,TUBERCULOSIS,1.0,True
tb_00111.png,TUBERCULOSIS,TUBERCULOSIS,1.0,True
tb_00112.png,TUBERCULOSIS,TUBERCULOSIS,1.0,True
tb_00113.png,TUBERCULOSIS,TUBERCULOSIS,1.0,True
tb_00114.png,TUBERCULOSIS,TUBERCULOSIS,0.9985,True
tb_00116.png,TUBERCULOSIS,TUBERCULOSIS,0.9999,True
tb_00117.png,TUBERCULOSIS,TUBERCULOSIS,1.0,True
tb_00118.png,TUBERCULOSIS,TUBERCULOSIS,1.0,True
tb_00119.png,TUBERCULOSIS,TUBERCULOSIS,1.0,True
tb_00120.png,TUBERCULOSIS,TUBERCULOSIS,1.0,True
tb_00121.png,TUBERCULOSIS,TUBERCULOSIS,1.0,True
tb_00122.png,TUBERCULOSIS,TUBERCULOSIS,1.0,True
tb_00124.png,TUBERCULOSIS,TUBERCULOSIS,0.9987,True
tb_00125.png,TUBERCULOSIS,TUBERCULOSIS,0.9999,True
tb_00127.png,TUBERCULOSIS,TUBERCULOSIS,1.0,True
tb_00129.png,TUBERCULOSIS,TUBERCULOSIS,1.0,True
tb_00130.png,TUBERCULOSIS,TUBERCULOSIS,1.0,True
tb_00132.png,TUBERCULOSIS,TUBERCULOSIS,1.0,True
tb_00133.png,TUBERCULOSIS,TUBERCULOSIS,1.0,True
tb_00134.png,TUBERCULOSIS,TUBERCULOSIS,1.0,True
tb_00135.png,TUBERCULOSIS,TUBERCULOSIS,1.0,True
tb_00136.png,TUBERCULOSIS,TUBERCULOSIS,0.9999,True
tb_00138.png,TUBERCULOSIS,TUBERCULOSIS,1.0,True
tb_00140.png,TUBERCULOSIS,TUBERCULOSIS,1.0,True
tb_00141.png,TUBERCULOSIS,TUBERCULOSIS,1.0,True
tb_00142.png,TUBERCULOSIS,TUBERCULOSIS,1.0,True
tb_00143.png,TUBERCULOSIS,TUBERCULOSIS,1.0,True
tb_00144.png,TUBERCULOSIS,TUBERCULOSIS,1.0,True
tb_00145.png,TUBERCULOSIS,TUBERCULOSIS,0.9999,True
tb_00147.png,TUBERCULOSIS,TUBERCULOSIS,1.0,True
tb_00148.png,TUBERCULOSIS,TUBERCULOSIS,0.9996,True
tb_00149.png,TUBERCULOSIS,TUBERCULOSIS,0.9999,True
tb_00150.png,TUBERCULOSIS,TUBERCULOSIS,1.0,True
tb_00151.png,TUBERCULOSIS,TUBERCULOSIS,0.9999,True
tb_00152.png,TUBERCULOSIS,TUBERCULOSIS,0.996,True
tb_00153.png,TUBERCULOSIS,TUBERCULOSIS,1.0,True
tb_00154.png,TUBERCULOSIS,TUBERCULOSIS,1.0,True
tb_00155.png,TUBERCULOSIS,TUBERCULOSIS,1.0,True
tb_00156.png,TUBERCULOSIS,TUBERCULOSIS,1.0,True
tb_00157.png,TUBERCULOSIS,TUBERCULOSIS,1.0,True
tb_00158.png,TUBERCULOSIS,TUBERCULOSIS,0.9967,True
tb_00159.png,TUBERCULOSIS,TUBERCULOSIS,1.0,True
tb_00160.png,TUBERCULOSIS,TUBERCULOSIS,1.0,True
tb_00161.png,TUBERCULOSIS,TUBERCULOSIS,1.0,True
tb_00162.png,TUBERCULOSIS,TUBERCULOSIS,0.9999,True
tb_00163.png,TUBERCULOSIS,TUBERCULOSIS,1.0,True
tb_00164.png,TUBERCULOSIS,TUBERCULOSIS,1.0,True
tb_00165.png,TUBERCULOSIS,TUBERCULOSIS,1.0,True
tb_00166.png,TUBERCULOSIS,TUBERCULOSIS,1.0,True
tb_00167.png,TUBERCULOSIS,TUBERCULOSIS,1.0,True
tb_00168.png,TUBERCULOSIS,TUBERCULOSIS,0.9994,True
tb_00169.png,TUBERCULOSIS,TUBERCULOSIS,1.0,True
tb_00170.png,TUBERCULOSIS,TUBERCULOSIS,1.0,True
tb_00171.png,TUBERCULOSIS,TUBERCULOSIS,1.0,True
tb_00172.png,TUBERCULOSIS,TUBERCULOSIS,0.9999,True
tb_00173.png,TUBERCULOSIS,TUBERCULOSIS,0.9998,True
tb_00174.png,TUBERCULOSIS,TUBERCULOSIS,0.9991,True
tb_00175.png,TUBERCULOSIS,TUBERCULOSIS,1.0,True
tb_00176.png,TUBERCULOSIS,TUBERCULOSIS,0.9983,True
tb_00179.png,TUBERCULOSIS,TUBERCULOSIS,0.9999,True
tb_00180.png,TUBERCULOSIS,TUBERCULOSIS,1.0,True
tb_00181.png,TUBERCULOSIS,TUBERCULOSIS,1.0,True
tb_00182.png,TUBERCULOSIS,TUBERCULOSIS,1.0,True
tb_00183.png,TUBERCULOSIS,TUBERCULOSIS,1.0,True
tb_00184.png,TUBERCULOSIS,TUBERCULOSIS,1.0,True
tb_00185.png,TUBERCULOSIS,TUBERCULOSIS,1.0,True
tb_00186.png,TUBERCULOSIS,TUBERCULOSIS,0.9999,True
tb_00187.png,TUBERCULOSIS,TUBERCULOSIS,0.987,True
tb_00188.png,TUBERCULOSIS,TUBERCULOSIS,0.9974,True
tb_00189.png,TUBERCULOSIS,TUBERCULOSIS,0.9999,True
tb_00190.png,TUBERCULOSIS,TUBERCULOSIS,0.9998,True
tb_00191.png,TUBERCULOSIS,TUBERCULOSIS,1.0,True
tb_00192.png,TUBERCULOSIS,TUBERCULOSIS,1.0,True
tb_00193.png,TUBERCULOSIS,TUBERCULOSIS,1.0,True
tb_00195.png,TUBERCULOSIS,TUBERCULOSIS,0.9999,True
tb_00196.png,TUBERCULOSIS,TUBERCULOSIS,0.9999,True
tb_00197.png,TUBERCULOSIS,TUBERCULOSIS,1.0,True
tb_00198.png,TUBERCULOSIS,TUBERCULOSIS,1.0,True
tb_00199.png,TUBERCULOSIS,TUBERCULOSIS,1.0,True
tb_00200.png,TUBERCULOSIS,TUBERCULOSIS,0.9998,True
tb_00203.png,TUBERCULOSIS,TUBERCULOSIS,1.0,True
tb_00204.png,TUBERCULOSIS,TUBERCULOSIS,0.9998,True
tb_00205.png,TUBERCULOSIS,TUBERCULOSIS,0.9288,True
tb_00206.png,TUBERCULOSIS,TUBERCULOSIS,1.0,True
tb_00208.png,TUBERCULOSIS,TUBERCULOSIS,1.0,True
tb_00209.png,TUBERCULOSIS,TUBERCULOSIS,1.0,True
tb_00210.png,TUBERCULOSIS,TUBERCULOSIS,0.9658,True
tb_00212.png,TUBERCULOSIS,TUBERCULOSIS,1.0,True
tb_00213.png,TUBERCULOSIS,TUBERCULOSIS,0.9998,True
tb_00215.png,TUBERCULOSIS,TUBERCULOSIS,1.0,True
tb_00216.png,TUBERCULOSIS,TUBERCULOSIS,0.9987,True
tb_00217.png,TUBERCULOSIS,TUBERCULOSIS,1.0,True
tb_00218.png,TUBERCULOSIS,TUBERCULOSIS,0.9999,True
tb_00219.png,TUBERCULOSIS,TUBERCULOSIS,0.9999,True
tb_00220.png,TUBERCULOSIS,TUBERCULOSIS,0.9999,True
tb_00221.png,TUBERCULOSIS,TUBERCULOSIS,1.0,True
tb_00222.png,TUBERCULOSIS,TUBERCULOSIS,1.0,True
tb_00224.png,TUBERCULOSIS,TUBERCULOSIS,1.0,True
tb_00225.png,TUBERCULOSIS,TUBERCULOSIS,0.9999,True
tb_00226.png,TUBERCULOSIS,TUBERCULOSIS,0.9998,True
tb_00227.png,TUBERCULOSIS,TUBERCULOSIS,1.0,True
tb_00228.png,TUBERCULOSIS,TUBERCULOSIS,1.0,True
tb_00229.png,TUBERCULOSIS,TUBERCULOSIS,1.0,True
tb_00230.png,TUBERCULOSIS,TUBERCULOSIS,0.9997,True
tb_00231.png,TUBERCULOSIS,TUBERCULOSIS,1.0,True
tb_00232.png,TUBERCULOSIS,TUBERCULOSIS,0.9971,True
tb_00233.png,TUBERCULOSIS,TUBERCULOSIS,0.9999,True
tb_00234.png,TUBERCULOSIS,TUBERCULOSIS,0.9999,True
tb_00235.png,TUBERCULOSIS,TUBERCULOSIS,1.0,True
tb_00237.png,TUBERCULOSIS,TUBERCULOSIS,0.9999,True
tb_00238.png,TUBERCULOSIS,TUBERCULOSIS,1.0,True
tb_00240.png,TUBERCULOSIS,TUBERCULOSIS,1.0,True
tb_00242.png,TUBERCULOSIS,TUBERCULOSIS,1.0,True
tb_00243.png,TUBERCULOSIS,TUBERCULOSIS,1.0,True
tb_00244.png,TUBERCULOSIS,TUBERCULOSIS,1.0,True
tb_00245.png,TUBERCULOSIS,TUBERCULOSIS,1.0,True
tb_00246.png,TUBERCULOSIS,TUBERCULOSIS,0.9996,True
tb_00247.png,TUBERCULOSIS,TUBERCULOSIS,1.0,True
tb_00248.png,TUBERCULOSIS,TUBERCULOSIS,1.0,True
tb_00251.png,TUBERCULOSIS,TUBERCULOSIS,1.0,True
tb_00252.png,TUBERCULOSIS,TUBERCULOSIS,1.0,True
tb_00253.png,TUBERCULOSIS,TUBERCULOSIS,1.0,True
tb_00255.png,TUBERCULOSIS,TUBERCULOSIS,1.0,True
tb_00256.png,TUBERCULOSIS,TUBERCULOSIS,0.9994,True
tb_00257.png,TUBERCULOSIS,TUBERCULOSIS,0.9679,True
tb_00258.png,TUBERCULOSIS,TUBERCULOSIS,0.9938,True
tb_00260.png,TUBERCULOSIS,TUBERCULOSIS,1.0,True
tb_00261.png,TUBERCULOSIS,TUBERCULOSIS,0.9999,True
tb_00262.png,TUBERCULOSIS,TUBERCULOSIS,1.0,True
tb_00263.png,TUBERCULOSIS,TUBERCULOSIS,0.9999,True
tb_00264.png,TUBERCULOSIS,TUBERCULOSIS,1.0,True
tb_00265.png,TUBERCULOSIS,TUBERCULOSIS,1.0,True
tb_00267.png,TUBERCULOSIS,TUBERCULOSIS,0.9999,True
tb_00268.png,TUBERCULOSIS,TUBERCULOSIS,1.0,True
tb_00269.png,TUBERCULOSIS,TUBERCULOSIS,1.0,True
tb_00270.png,TUBERCULOSIS,TUBERCULOSIS,0.9992,True
tb_00271.png,TUBERCULOSIS,TUBERCULOSIS,0.9999,True
tb_00272.png,TUBERCULOSIS,TUBERCULOSIS,0.9941,True
tb_00274.png,TUBERCULOSIS,TUBERCULOSIS,1.0,True
tb_00275.png,TUBERCULOSIS,TUBERCULOSIS,0.9996,True
tb_00276.png,TUBERCULOSIS,TUBERCULOSIS,0.9999,True
tb_00277.png,TUBERCULOSIS,TUBERCULOSIS,1.0,True
tb_00279.png,TUBERCULOSIS,TUBERCULOSIS,0.9999,True
tb_00280.png,TUBERCULOSIS,TUBERCULOSIS,1.0,True
tb_00281.png,TUBERCULOSIS,TUBERCULOSIS,1.0,True
tb_00283.png,TUBERCULOSIS,TUBERCULOSIS,1.0,True
tb_00284.png,TUBERCULOSIS,TUBERCULOSIS,1.0,True
tb_00285.png,TUBERCULOSIS,TUBERCULOSIS,0.9998,True
tb_00286.png,TUBERCULOSIS,TUBERCULOSIS,1.0,True
tb_00288.png,TUBERCULOSIS,TUBERCULOSIS,1.0,True
tb_00289.png,TUBERCULOSIS,TUBERCULOSIS,0.9995,True
tb_00290.png,TUBERCULOSIS,TUBERCULOSIS,1.0,True
tb_00292.png,TUBERCULOSIS,TUBERCULOSIS,1.0,True
tb_00293.png,TUBERCULOSIS,TUBERCULOSIS,1.0,True
tb_00294.png,TUBERCULOSIS,TUBERCULOSIS,0.9994,True
tb_00295.png,TUBERCULOSIS,TUBERCULOSIS,0.9999,True
tb_00297.png,TUBERCULOSIS,TUBERCULOSIS,0.9996,True
tb_00298.png,TUBERCULOSIS,TUBERCULOSIS,1.0,True
tb_00299.png,TUBERCULOSIS,TUBERCULOSIS,1.0,True
tb_00300.png,TUBERCULOSIS,TUBERCULOSIS,0.9999,True
tb_00301.png,TUBERCULOSIS,TUBERCULOSIS,0.9999,True
tb_00302.png,TUBERCULOSIS,TUBERCULOSIS,0.999,True
tb_00304.png,TUBERCULOSIS,TUBERCULOSIS,1.0,True
tb_00306.png,TUBERCULOSIS,TUBERCULOSIS,0.9999,True
tb_00307.png,TUBERCULOSIS,TUBERCULOSIS,0.9996,True
tb_00309.png,TUBERCULOSIS,TUBERCULOSIS,1.0,True
tb_00310.png,TUBERCULOSIS,TUBERCULOSIS,1.0,True
tb_00311.png,TUBERCULOSIS,TUBERCULOSIS,1.0,True
tb_00312.png,TUBERCULOSIS,TUBERCULOSIS,0.9993,True
tb_00313.png,TUBERCULOSIS,TUBERCULOSIS,0.9999,True
tb_00315.png,TUBERCULOSIS,TUBERCULOSIS,0.9997,True
tb_00316.png,TUBERCULOSIS,TUBERCULOSIS,1.0,True
tb_00317.png,TUBERCULOSIS,TUBERCULOSIS,1.0,True
tb_00318.png,TUBERCULOSIS,TUBERCULOSIS,1.0,True
tb_00320.png,TUBERCULOSIS,TUBERCULOSIS,1.0,True
tb_00321.png,TUBERCULOSIS,TUBERCULOSIS,1.0,True
tb_00322.png,TUBERCULOSIS,TUBERCULOSIS,1.0,True
tb_00323.png,TUBERCULOSIS,TUBERCULOSIS,0.9989,True
tb_00324.png,TUBERCULOSIS,TUBERCULOSIS,1.0,True
tb_00325.png,TUBERCULOSIS,TUBERCULOSIS,0.9999,True
tb_00326.png,TUBERCULOSIS,TUBERCULOSIS,0.9998,True
tb_00327.png,TUBERCULOSIS,TUBERCULOSIS,0.9999,True
tb_00328.png,TUBERCULOSIS,TUBERCULOSIS,0.992,True
tb_00329.png,TUBERCULOSIS,TUBERCULOSIS,1.0,True
tb_00330.png,TUBERCULOSIS,TUBERCULOSIS,1.0,True
tb_00331.png,TUBERCULOSIS,TUBERCULOSIS,1.0,True
tb_00332.png,TUBERCULOSIS,TUBERCULOSIS,0.9941,True
tb_00333.png,TUBERCULOSIS,TUBERCULOSIS,1.0,True
tb_00334.png,TUBERCULOSIS,TUBERCULOSIS,1.0,True
tb_00335.png,TUBERCULOSIS,TUBERCULOSIS,0.9998,True
tb_00336.png,TUBERCULOSIS,TUBERCULOSIS,1.0,True
tb_00337.png,TUBERCULOSIS,TUBERCULOSIS,0.9999,True
tb_00338.png,TUBERCULOSIS,TUBERCULOSIS,0.9999,True
tb_00339.png,TUBERCULOSIS,TUBERCULOSIS,0.9999,True
tb_00341.png,TUBERCULOSIS,TUBERCULOSIS,1.0,True
tb_00342.png,TUBERCULOSIS,TUBERCULOSIS,1.0,True
tb_00343.png,TUBERCULOSIS,TUBERCULOSIS,1.0,True
tb_00344.png,TUBERCULOSIS,TUBERCULOSIS,1.0,True
tb_00345.png,TUBERCULOSIS,TUBERCULOSIS,1.0,True
tb_00346.png,TUBERCULOSIS,TUBERCULOSIS,1.0,True
tb_00347.png,TUBERCULOSIS,TUBERCULOSIS,0.9998,True
tb_00348.png,TUBERCULOSIS,TUBERCULOSIS,0.9105,True
tb_00349.png,TUBERCULOSIS,TUBERCULOSIS,1.0,True
tb_00350.png,TUBERCULOSIS,TUBERCULOSIS,0.9974,True
tb_00351.png,TUBERCULOSIS,TUBERCULOSIS,0.9955,True
tb_00352.png,TUBERCULOSIS,TUBERCULOSIS,1.0,True
tb_00353.png,TUBERCULOSIS,TUBERCULOSIS,0.7856,True
tb_00354.png,TUBERCULOSIS,TUBERCULOSIS,0.9998,True
tb_00355.png,TUBERCULOSIS,TUBERCULOSIS,0.999,True
tb_00356.png,TUBERCULOSIS,TUBERCULOSIS,1.0,True
tb_00357.png,TUBERCULOSIS,TUBERCULOSIS,0.9993,True
tb_00358.png,TUBERCULOSIS,TUBERCULOSIS,1.0,True
tb_00359.png,TUBERCULOSIS,TUBERCULOSIS,1.0,True
tb_00360.png,TUBERCULOSIS,TUBERCULOSIS,0.9153,True
tb_00361.png,TUBERCULOSIS,TUBERCULOSIS,1.0,True
tb_00363.png,TUBERCULOSIS,TUBERCULOSIS,0.9994,True
tb_00364.png,TUBERCULOSIS,TUBERCULOSIS,1.0,True
tb_00366.png,TUBERCULOSIS,TUBERCULOSIS,1.0,True
tb_00367.png,TUBERCULOSIS,TUBERCULOSIS,0.9999,True
tb_00368.png,TUBERCULOSIS,TUBERCULOSIS,1.0,True
tb_00370.png,TUBERCULOSIS,TUBERCULOSIS,1.0,True
tb_00371.png,TUBERCULOSIS,TUBERCULOSIS,0.9999,True
tb_00372.png,TUBERCULOSIS,TUBERCULOSIS,0.9998,True
tb_00374.png,TUBERCULOSIS,TUBERCULOSIS,1.0,True
tb_00375.png,TUBERCULOSIS,TUBERCULOSIS,0.9952,True
tb_00376.png,TUBERCULOSIS,TUBERCULOSIS,0.9999,True
tb_00378.png,TUBERCULOSIS,TUBERCULOSIS,0.9998,True
tb_00379.png,TUBERCULOSIS,TUBERCULOSIS,1.0,True
tb_00381.png,TUBERCULOSIS,TUBERCULOSIS,1.0,True
tb_00382.png,TUBERCULOSIS,TUBERCULOSIS,1.0,True
tb_00383.png,TUBERCULOSIS,TUBERCULOSIS,0.9996,True
tb_00384.png,TUBERCULOSIS,TUBERCULOSIS,1.0,True
tb_00385.png,TUBERCULOSIS,TUBERCULOSIS,0.9998,True
tb_00386.png,TUBERCULOSIS,TUBERCULOSIS,0.9993,True
tb_00387.png,TUBERCULOSIS,TUBERCULOSIS,0.9991,True
tb_00389.png,TUBERCULOSIS,TUBERCULOSIS,0.9989,True
tb_00390.png,TUBERCULOSIS,TUBERCULOSIS,0.9991,True
tb_00391.png,TUBERCULOSIS,TUBERCULOSIS,1.0,True
tb_00392.png,TUBERCULOSIS,TUBERCULOSIS,1.0,True
tb_00393.png,TUBERCULOSIS,TUBERCULOSIS,1.0,True
tb_00394.png,TUBERCULOSIS,TUBERCULOSIS,1.0,True
tb_00395.png,TUBERCULOSIS,TUBERCULOSIS,1.0,True
tb_00396.png,TUBERCULOSIS,TUBERCULOSIS,0.9999,True
tb_00397.png,TUBERCULOSIS,TUBERCULOSIS,1.0,True
tb_00398.png,TUBERCULOSIS,TUBERCULOSIS,0.9999,True
tb_00399.png,TUBERCULOSIS,TUBERCULOSIS,1.0,True
tb_00400.png,TUBERCULOSIS,TUBERCULOSIS,0.9999,True
tb_00401.png,TUBERCULOSIS,TUBERCULOSIS,1.0,True
tb_00402.png,TUBERCULOSIS,TUBERCULOSIS,1.0,True
tb_00403.png,TUBERCULOSIS,TUBERCULOSIS,1.0,True
tb_00404.png,TUBERCULOSIS,TUBERCULOSIS,0.9995,True
tb_00405.png,TUBERCULOSIS,TUBERCULOSIS,0.9998,True
tb_00406.png,TUBERCULOSIS,TUBERCULOSIS,1.0,True
tb_00407.png,TUBERCULOSIS,TUBERCULOSIS,0.9997,True
tb_00408.png,TUBERCULOSIS,TUBERCULOSIS,1.0,True
tb_00410.png,TUBERCULOSIS,TUBERCULOSIS,0.9992,True
tb_00411.png,TUBERCULOSIS,TUBERCULOSIS,0.9997,True
tb_00412.png,TUBERCULOSIS,TUBERCULOSIS,0.9999,True
tb_00413.png,TUBERCULOSIS,TUBERCULOSIS,1.0,True
tb_00415.png,TUBERCULOSIS,TUBERCULOSIS,1.0,True
tb_00416.png,TUBERCULOSIS,TUBERCULOSIS,0.9999,True
tb_00417.png,TUBERCULOSIS,TUBERCULOSIS,1.0,True
tb_00419.png,TUBERCULOSIS,TUBERCULOSIS,0.9999,True
tb_00420.png,TUBERCULOSIS,TUBERCULOSIS,1.0,True
tb_00422.png,TUBERCULOSIS,TUBERCULOSIS,0.9997,True
tb_00423.png,TUBERCULOSIS,TUBERCULOSIS,1.0,True
tb_00424.png,TUBERCULOSIS,TUBERCULOSIS,0.9982,True
tb_00425.png,TUBERCULOSIS,TUBERCULOSIS,0.9999,True
tb_00426.png,TUBERCULOSIS,TUBERCULOSIS,1.0,True
tb_00427.png,TUBERCULOSIS,TUBERCULOSIS,0.9999,True
tb_00428.png,TUBERCULOSIS,TUBERCULOSIS,1.0,True
tb_00429.png,TUBERCULOSIS,TUBERCULOSIS,1.0,True
tb_00430.png,TUBERCULOSIS,TUBERCULOSIS,0.9998,True
tb_00433.png,TUBERCULOSIS,TUBERCULOSIS,1.0,True
tb_00435.png,TUBERCULOSIS,TUBERCULOSIS,1.0,True
tb_00436.png,TUBERCULOSIS,TUBERCULOSIS,1.0,True
tb_00437.png,TUBERCULOSIS,TUBERCULOSIS,0.9983,True
tb_00438.png,TUBERCULOSIS,TUBERCULOSIS,0.9995,True
tb_00439.png,TUBERCULOSIS,TUBERCULOSIS,0.9999,True
tb_00440.png,TUBERCULOSIS,TUBERCULOSIS,1.0,True
tb_00441.png,TUBERCULOSIS,TUBERCULOSIS,1.0,True
tb_00442.png,TUBERCULOSIS,TUBERCULOSIS,1.0,True
tb_00443.png,TUBERCULOSIS,TUBERCULOSIS,1.0,True
tb_00444.png,TUBERCULOSIS,TUBERCULOSIS,1.0,True
tb_00445.png,TUBERCULOSIS,TUBERCULOSIS,1.0,True
tb_00446.png,TUBERCULOSIS,TUBERCULOSIS,1.0,True
tb_00447.png,TUBERCULOSIS,TUBERCULOSIS,1.0,True
tb_00448.png,TUBERCULOSIS,TUBERCULOSIS,1.0,True
tb_00449.png,TUBERCULOSIS,TUBERCULOSIS,0.9976,True
tb_00450.png,TUBERCULOSIS,TUBERCULOSIS,1.0,True
tb_00451.png,TUBERCULOSIS,TUBERCULOSIS,1.0,True
tb_00453.png,TUBERCULOSIS,TUBERCULOSIS,0.9996,True
tb_00454.png,TUBERCULOSIS,TUBERCULOSIS,1.0,True
tb_00455.png,TUBERCULOSIS,TUBERCULOSIS,0.9999,True
tb_00457.png,TUBERCULOSIS,TUBERCULOSIS,0.9982,True
tb_00458.png,TUBERCULOSIS,TUBERCULOSIS,1.0,True
tb_00459.png,TUBERCULOSIS,TUBERCULOSIS,1.0,True
tb_00460.png,TUBERCULOSIS,TUBERCULOSIS,1.0,True
tb_00461.png,TUBERCULOSIS,TUBERCULOSIS,1.0,True
tb_00463.png,TUBERCULOSIS,TUBERCULOSIS,1.0,True
tb_00465.png,TUBERCULOSIS,TUBERCULOSIS,0.9998,True
tb_00466.png,TUBERCULOSIS,TUBERCULOSIS,1.0,True
tb_00467.png,TUBERCULOSIS,TUBERCULOSIS,1.0,True
tb_00468.png,TUBERCULOSIS,TUBERCULOSIS,1.0,True
tb_00469.png,TUBERCULOSIS,TUBERCULOSIS,1.0,True
tb_00470.png,TUBERCULOSIS,TUBERCULOSIS,1.0,True
tb_00471.png,TUBERCULOSIS,TUBERCULOSIS,1.0,True
tb_00472.png,TUBERCULOSIS,TUBERCULOSIS,0.9999,True
tb_00473.png,TUBERCULOSIS,TUBERCULOSIS,1.0,True
tb_00475.png,TUBERCULOSIS,TUBERCULOSIS,1.0,True
tb_00476.png,TUBERCULOSIS,TUBERCULOSIS,1.0,True
tb_00477.png,TUBERCULOSIS,TUBERCULOSIS,0.999,True
tb_00480.png,TUBERCULOSIS,TUBERCULOSIS,1.0,True
tb_00481.png,TUBERCULOSIS,TUBERCULOSIS,1.0,True
tb_00482.png,TUBERCULOSIS,TUBERCULOSIS,1.0,True
tb_00483.png,TUBERCULOSIS,TUBERCULOSIS,0.9999,True
tb_00484.png,TUBERCULOSIS,TUBERCULOSIS,1.0,True
tb_00487.png,TUBERCULOSIS,TUBERCULOSIS,1.0,True
tb_00489.png,TUBERCULOSIS,TUBERCULOSIS,1.0,True
tb_00490.png,TUBERCULOSIS,TUBERCULOSIS,1.0,True
tb_00492.png,TUBERCULOSIS,TUBERCULOSIS,0.9999,True
tb_00493.png,TUBERCULOSIS,TUBERCULOSIS,0.9997,True
tb_00494.png,TUBERCULOSIS,TUBERCULOSIS,0.9998,True
tb_00496.png,TUBERCULOSIS,TUBERCULOSIS,0.9998,True
tb_00497.png,TUBERCULOSIS,TUBERCULOSIS,1.0,True
tb_00498.png,TUBERCULOSIS,TUBERCULOSIS,1.0,True
tb_00499.png,TUBERCULOSIS,TUBERCULOSIS,1.0,True
tb_00501.png,TUBERCULOSIS,TUBERCULOSIS,1.0,True
tb_00502.png,TUBERCULOSIS,TUBERCULOSIS,1.0,True
tb_00503.png,TUBERCULOSIS,TUBERCULOSIS,1.0,True
tb_00504.png,TUBERCULOSIS,TUBERCULOSIS,1.0,True
tb_00505.png,TUBERCULOSIS,TUBERCULOSIS,1.0,True
tb_00506.png,TUBERCULOSIS,TUBERCULOSIS,0.9995,True
tb_00507.png,TUBERCULOSIS,TUBERCULOSIS,1.0,True
tb_00508.png,TUBERCULOSIS,TUBERCULOSIS,1.0,True
tb_00509.png,TUBERCULOSIS,TUBERCULOSIS,1.0,True
tb_00510.png,TUBERCULOSIS,TUBERCULOSIS,0.9903,True
tb_00511.png,TUBERCULOSIS,TUBERCULOSIS,1.0,True
tb_00512.png,TUBERCULOSIS,TUBERCULOSIS,1.0,True
tb_00513.png,TUBERCULOSIS,TUBERCULOSIS,1.0,True
tb_00514.png,TUBERCULOSIS,TUBERCULOSIS,1.0,True
tb_00515.png,TUBERCULOSIS,TUBERCULOSIS,1.0,True
tb_00516.png,TUBERCULOSIS,TUBERCULOSIS,1.0,True
tb_00519.png,TUBERCULOSIS,TUBERCULOSIS,1.0,True
tb_00520.png,TUBERCULOSIS,TUBERCULOSIS,1.0,True
tb_00521.png,TUBERCULOSIS,TUBERCULOSIS,1.0,True
tb_00522.png,TUBERCULOSIS,TUBERCULOSIS,1.0,True
tb_00523.png,TUBERCULOSIS,TUBERCULOSIS,0.9986,True
tb_00527.png,TUBERCULOSIS,TUBERCULOSIS,1.0,True
tb_00529.png,TUBERCULOSIS,TUBERCULOSIS,1.0,True
tb_00530.png,TUBERCULOSIS,TUBERCULOSIS,1.0,True
tb_00531.png,TUBERCULOSIS,TUBERCULOSIS,1.0,True
tb_00532.png,TUBERCULOSIS,TUBERCULOSIS,1.0,True
tb_00533.png,TUBERCULOSIS,TUBERCULOSIS,1.0,True
tb_00534.png,TUBERCULOSIS,TUBERCULOSIS,0.9997,True
tb_00535.png,TUBERCULOSIS,TUBERCULOSIS,1.0,True
tb_00536.png,TUBERCULOSIS,TUBERCULOSIS,1.0,True
tb_00538.png,TUBERCULOSIS,TUBERCULOSIS,1.0,True
tb_00539.png,TUBERCULOSIS,TUBERCULOSIS,1.0,True
tb_00540.png,TUBERCULOSIS,TUBERCULOSIS,0.9999,True
tb_00542.png,TUBERCULOSIS,TUBERCULOSIS,0.9999,True
tb_00543.png,TUBERCULOSIS,TUBERCULOSIS,0.9786,True
tb_00544.png,TUBERCULOSIS,TUBERCULOSIS,0.995,True
tb_00545.png,TUBERCULOSIS,TUBERCULOSIS,1.0,True
tb_00546.png,TUBERCULOSIS,TUBERCULOSIS,1.0,True
tb_00547.png,TUBERCULOSIS,TUBERCULOSIS,1.0,True
tb_00549.png,TUBERCULOSIS,TUBERCULOSIS,1.0,True
tb_00550.png,TUBERCULOSIS,TUBERCULOSIS,0.9999,True
tb_00551.png,TUBERCULOSIS,TUBERCULOSIS,1.0,True
tb_00552.png,TUBERCULOSIS,TUBERCULOSIS,0.9999,True
tb_00553.png,TUBERCULOSIS,TUBERCULOSIS,1.0,True
tb_00555.png,TUBERCULOSIS,TUBERCULOSIS,0.9999,True
