image,true,pred,confidence
normal_00001.png,NORMAL,NORMAL,1.0
normal_00002.png,NORMAL,NORMAL,0.9999
normal_00003.png,NORMAL,NORMAL,1.0
normal_00004.png,NORMAL,NORMAL,1.0
normal_00005.png,NORMAL,NORMAL,1.0
normal_00006.png,NORMAL,NORMAL,1.0
normal_00007.png,NORMAL,NORMAL,1.0
normal_00008.png,NORMAL,NORMAL,1.0
normal_00009.png,NORMAL,NORMAL,1.0
normal_00010.png,NORMAL,NORMAL,1.0
normal_00011.png,NORMAL,NORMAL,1.0
normal_00012.png,NORMAL,NORMAL,1.0
normal_00013.png,NORMAL,NORMAL,1.0
normal_00014.png,NORMAL,NORMAL,1.0
normal_00015.png,NORMAL,NORMAL,1.0
normal_00016.png,NORMAL,NORMAL,1.0
normal_00017.png,NORMAL,NORMAL,1.0
normal_00018.png,NORMAL,NORMAL,1.0
normal_00019.png,NORMAL,NORMAL,1.0
normal_00020.png,NORMAL,NORMAL,1.0
normal_00021.png,NORMAL,NORMAL,1.0
normal_00022.png,NORMAL,NORMAL,1.0
normal_00023.png,NORMAL,NORMAL,1.0
normal_00024.png,NORMAL,NORMAL,1.0
normal_00025.png,NORMAL,NORMAL,1.0
normal_00026.png,NORMAL,NORMAL,1.0
normal_00027.png,NORMAL,NORMAL,1.0
normal_00028.png,NORMAL,NORMAL,1.0
normal_00029.png,NORMAL,NORMAL,1.0
normal_00030.png,NORMAL,NORMAL,1.0
normal_00031.png,NORMAL,NORMAL,1.0
normal_00032.png,NORMAL,NORMAL,1.0
normal_00033.png,NORMAL,NORMAL,1.0
normal_00034.png,NORMAL,NORMAL,1.0
normal_00035.png,NORMAL,NORMAL,1.0
normal_00036.png,NORMAL,NORMAL,1.0
normal_00037.png,NORMAL,NORMAL,1.0
normal_00038.png,NORMAL,NORMAL,1.0
normal_00039.png,NORMAL,NORMAL,1.0
normal_00040.png,NORMAL,NORMAL,1.0
normal_00041.png,NORMAL,NORMAL,1.0
normal_00042.png,NORMAL,NORMAL,1.0
normal_00043.png,NORMAL,NORMAL,1.0
normal_00044.png,NORMAL,NORMAL,1.0
normal_00045.png,NORMAL,NORMAL,1.0
normal_00046.png,NORMAL,NORMAL,1.0
normal_00047.png,NORMAL,NORMAL,1.0
normal_00048.png,NORMAL,NORMAL,1.0
normal_00049.png,NORMAL,NORMAL,1.0
normal_00050.png,NORMAL,NORMAL,1.0
normal_00051.png,NORMAL,NORMAL,1.0
normal_00052.png,NORMAL,NORMAL,1.0
normal_00053.png,NORMAL,NORMAL,1.0
normal_00054.png,NORMAL,NORMAL,1.0
normal_00055.png,NORMAL,NORMAL,1.0
normal_00056.png,NORMAL,NORMAL,1.0
normal_00057.png,NORMAL,NORMAL,1.0
normal_00058.png,NORMAL,NORMAL,1.0
normal_00059.png,NORMAL,NORMAL,1.0
normal_00060.png,NORMAL,NORMAL,1.0
normal_00061.png,NORMAL,NORMAL,1.0
normal_00062.png,NORMAL,NORMAL,1.0
normal_00063.png,NORMAL,NORMAL,1.0
normal_00064.png,NORMAL,NORMAL,1.0
normal_00065.png,NORMAL,NORMAL,1.0
normal_00066.png,NORMAL,NORMAL,1.0
normal_00067.png,NORMAL,NORMAL,1.0
normal_00068.png,NORMAL,NORMAL,1.0
normal_00069.png,NORMAL,NORMAL,1.0
normal_00070.png,NORMAL,NORMAL,1.0
normal_00071.png,NORMAL,NORMAL,1.0
normal_00072.png,NORMAL,NORMAL,1.0
normal_00073.png,NORMAL,NORMAL,1.0
normal_00074.png,NORMAL,NORMAL,1.0
normal_00075.png,NORMAL,NORMAL,1.0
normal_00076.png,NORMAL,NORMAL,1.0
normal_00077.png,NORMAL,NORMAL,1.0
normal_00078.png,NORMAL,NORMAL,1.0
normal_00079.png,NORMAL,NORMAL,1.0
normal_00080.png,NORMAL,NORMAL,1.0
normal_00081.png,NORMAL,NORMAL,1.0
normal_00082.png,NORMAL,NORMAL,1.0
normal_00083.png,NORMAL,NORMAL,1.0
normal_00084.png,NORMAL,NORMAL,1.0
normal_00085.png,NORMAL,NORMAL,1.0
normal_00086.png,NORMAL,NORMAL,1.0
normal_00087.png,NORMAL,NORMAL,1.0
normal_00088.png,NORMAL,NORMAL,1.0
normal_00089.png,NORMAL,NORMAL,1.0
normal_00090.png,NORMAL,NORMAL,1.0
normal_00091.png,NORMAL,NORMAL,0.9993
normal_00092.png,NORMAL,NORMAL,1.0
normal_00093.png,NORMAL,NORMAL,1.0
normal_00094.png,NORMAL,NORMAL,1.0
normal_00095.png,NORMAL,NORMAL,1.0
normal_00096.png,NORMAL,NORMAL,1.0
normal_00097.png,NORMAL,NORMAL,1.0
normal_00098.png,NORMAL,NORMAL,1.0
normal_00099.png,NORMAL,NORMAL,1.0
normal_00100.png,NORMAL,NORMAL,1.0
normal_00101.png,NORMAL,NORMAL,1.0
normal_00102.png,NORMAL,NORMAL,1.0
normal_00103.png,NORMAL,NORMAL,1.0
normal_00104.png,NORMAL,NORMAL,1.0
normal_00105.png,NORMAL,NORMAL,1.0
normal_00106.png,NORMAL,NORMAL,1.0
normal_00107.png,NORMAL,NORMAL,1.0
normal_00108.png,NORMAL,NORMAL,1.0
normal_00109.png,NORMAL,NORMAL,1.0
normal_00110.png,NORMAL,NORMAL,1.0
normal_00111.png,NORMAL,NORMAL,1.0
normal_00112.png,NORMAL,NORMAL,1.0
normal_00113.png,NORMAL,NORMAL,1.0
normal_00114.png,NORMAL,NORMAL,1.0
normal_00115.png,NORMAL,NORMAL,1.0
normal_00116.png,NORMAL,NORMAL,1.0
normal_00117.png,NORMAL,NORMAL,1.0
normal_00118.png,NORMAL,NORMAL,1.0
normal_00119.png,NORMAL,NORMAL,1.0
normal_00120.png,NORMAL,NORMAL,1.0
normal_00121.png,NORMAL,NORMAL,1.0
normal_00122.png,NORMAL,NORMAL,1.0
normal_00123.png,NORMAL,NORMAL,1.0
normal_00124.png,NORMAL,NORMAL,1.0
normal_00125.png,NORMAL,NORMAL,1.0
normal_00126.png,NORMAL,NORMAL,1.0
normal_00127.png,NORMAL,NORMAL,1.0
normal_00128.png,NORMAL,NORMAL,1.0
normal_00129.png,NORMAL,NORMAL,1.0
normal_00130.png,NORMAL,NORMAL,1.0
normal_00131.png,NORMAL,NORMAL,1.0
normal_00132.png,NORMAL,NORMAL,1.0
normal_00133.png,NORMAL,NORMAL,0.9999
normal_00134.png,NORMAL,NORMAL,1.0
normal_00135.png,NORMAL,NORMAL,1.0
normal_00136.png,NORMAL,NORMAL,1.0
normal_00137.png,NORMAL,NORMAL,1.0
normal_00138.png,NORMAL,NORMAL,1.0
normal_00139.png,NORMAL,NORMAL,1.0
normal_00140.png,NORMAL,NORMAL,1.0
normal_00141.png,NORMAL,NORMAL,1.0
normal_00142.png,NORMAL,NORMAL,1.0
normal_00143.png,NORMAL,NORMAL,1.0
normal_00144.png,NORMAL,NORMAL,1.0
normal_00145.png,NORMAL,NORMAL,1.0
normal_00146.png,NORMAL,NORMAL,1.0
normal_00147.png,NORMAL,NORMAL,1.0
normal_00148.png,NORMAL,NORMAL,1.0
normal_00149.png,NORMAL,NORMAL,1.0
normal_00150.png,NORMAL,NORMAL,1.0
normal_00151.png,NORMAL,NORMAL,1.0
normal_00152.png,NORMAL,NORMAL,1.0
normal_00153.png,NORMAL,NORMAL,1.0
normal_00154.png,NORMAL,NORMAL,1.0
normal_00155.png,NORMAL,NORMAL,1.0
normal_00156.png,NORMAL,NORMAL,1.0
normal_00157.png,NORMAL,NORMAL,1.0
normal_00158.png,NORMAL,NORMAL,1.0
normal_00159.png,NORMAL,NORMAL,1.0
normal_00160.png,NORMAL,NORMAL,1.0
normal_00161.png,NORMAL,NORMAL,1.0
normal_00162.png,NORMAL,NORMAL,1.0
normal_00163.png,NORMAL,NORMAL,1.0
normal_00164.png,NORMAL,NORMAL,1.0
normal_00165.png,NORMAL,NORMAL,1.0
normal_00166.png,NORMAL,NORMAL,1.0
normal_00167.png,NORMAL,NORMAL,1.0
normal_00168.png,NORMAL,NORMAL,1.0
normal_00169.png,NORMAL,NORMAL,1.0
normal_00170.png,NORMAL,NORMAL,1.0
normal_00171.png,NORMAL,NORMAL,1.0
normal_00172.png,NORMAL,NORMAL,1.0
normal_00173.png,NORMAL,NORMAL,1.0
normal_00174.png,NORMAL,NORMAL,1.0
normal_00175.png,NORMAL,NORMAL,1.0
normal_00176.png,NORMAL,NORMAL,1.0
normal_00177.png,NORMAL,NORMAL,1.0
normal_00178.png,NORMAL,NORMAL,1.0
normal_00179.png,NORMAL,NORMAL,1.0
normal_00180.png,NORMAL,NORMAL,1.0
normal_00181.png,NORMAL,NORMAL,1.0
normal_00182.png,NORMAL,NORMAL,1.0
normal_00183.png,NORMAL,NORMAL,1.0
normal_00184.png,NORMAL,NORMAL,1.0
normal_00185.png,NORMAL,NORMAL,0.9999
normal_00186.png,NORMAL,NORMAL,1.0
normal_00187.png,NORMAL,NORMAL,1.0
normal_00188.png,NORMAL,NORMAL,0.9938
normal_00189.png,NORMAL,NORMAL,1.0
normal_00190.png,NORMAL,NORMAL,1.0
normal_00191.png,NORMAL,NORMAL,1.0
normal_00192.png,NORMAL,NORMAL,1.0
normal_00193.png,NORMAL,NORMAL,1.0
normal_00194.png,NORMAL,NORMAL,1.0
normal_00195.png,NORMAL,NORMAL,1.0
normal_00196.png,NORMAL,NORMAL,1.0
normal_00197.png,NORMAL,NORMAL,1.0
normal_00198.png,NORMAL,NORMAL,1.0
normal_00199.png,NORMAL,NORMAL,1.0
normal_00200.png,NORMAL,NORMAL,0.9999
normal_00201.png,NORMAL,NORMAL,1.0
normal_00202.png,NORMAL,NORMAL,1.0
normal_00203.png,NORMAL,NORMAL,1.0
normal_00204.png,NORMAL,NORMAL,1.0
normal_00205.png,NORMAL,NORMAL,1.0
normal_00206.png,NORMAL,NORMAL,1.0
normal_00207.png,NORMAL,NORMAL,1.0
normal_00208.png,NORMAL,NORMAL,1.0
normal_00209.png,NORMAL,NORMAL,1.0
normal_00210.png,NORMAL,NORMAL,1.0
normal_00211.png,NORMAL,NORMAL,1.0
normal_00212.png,NORMAL,NORMAL,0.9927
normal_00213.png,NORMAL,NORMAL,1.0
normal_00214.png,NORMAL,NORMAL,1.0
normal_00215.png,NORMAL,NORMAL,1.0
normal_00216.png,NORMAL,NORMAL,1.0
normal_00217.png,NORMAL,NORMAL,1.0
normal_00218.png,NORMAL,NORMAL,1.0
normal_00219.png,NORMAL,NORMAL,1.0
normal_00220.png,NORMAL,NORMAL,1.0
normal_00221.png,NORMAL,NORMAL,1.0
normal_00222.png,NORMAL,NORMAL,1.0
normal_00223.png,NORMAL,NORMAL,1.0
normal_00224.png,NORMAL,NORMAL,1.0
normal_00225.png,NORMAL,NORMAL,1.0
normal_00226.png,NORMAL,NORMAL,1.0
normal_00227.png,NORMAL,NORMAL,1.0
normal_00228.png,NORMAL,NORMAL,1.0
normal_00229.png,NORMAL,NORMAL,1.0
normal_00230.png,NORMAL,NORMAL,1.0
normal_00231.png,NORMAL,NORMAL,1.0
normal_00232.png,NORMAL,NORMAL,1.0
normal_00233.png,NORMAL,NORMAL,1.0
normal_00234.png,NORMAL,NORMAL,1.0
normal_00235.png,NORMAL,NORMAL,1.0
normal_00236.png,NORMAL,NORMAL,1.0
normal_00237.png,NORMAL,NORMAL,1.0
normal_00238.png,NORMAL,NORMAL,1.0
normal_00239.png,NORMAL,NORMAL,1.0
normal_00240.png,NORMAL,NORMAL,1.0
normal_00241.png,NORMAL,NORMAL,1.0
normal_00242.png,NORMAL,NORMAL,1.0
normal_00243.png,NORMAL,NORMAL,1.0
normal_00244.png,NORMAL,NORMAL,1.0
normal_00245.png,NORMAL,NORMAL,1.0
normal_00246.png,NORMAL,NORMAL,1.0
normal_00247.png,NORMAL,NORMAL,1.0
normal_00248.png,NORMAL,NORMAL,1.0
normal_00249.png,NORMAL,NORMAL,1.0
normal_00250.png,NORMAL,NORMAL,1.0
normal_00251.png,NORMAL,NORMAL,1.0
normal_00252.png,NORMAL,NORMAL,1.0
normal_00253.png,NORMAL,NORMAL,1.0
normal_00254.png,NORMAL,NORMAL,1.0
normal_00255.png,NORMAL,NORMAL,1.0
normal_00256.png,NORMAL,NORMAL,1.0
normal_00257.png,NORMAL,NORMAL,1.0
normal_00258.png,NORMAL,NORMAL,1.0
normal_00259.png,NORMAL,NORMAL,1.0
normal_00260.png,NORMAL,NORMAL,1.0
normal_00261.png,NORMAL,NORMAL,1.0
normal_00262.png,NORMAL,NORMAL,1.0
normal_00263.png,NORMAL,NORMAL,1.0
normal_00264.png,NORMAL,NORMAL,1.0
normal_00265.png,NORMAL,NORMAL,1.0
normal_00266.png,NORMAL,NORMAL,1.0
normal_00267.png,NORMAL,NORMAL,1.0
normal_00268.png,NORMAL,NORMAL,1.0
normal_00269.png,NORMAL,NORMAL,1.0
normal_00270.png,NORMAL,NORMAL,1.0
normal_00271.png,NORMAL,NORMAL,1.0
normal_00272.png,NORMAL,NORMAL,1.0
normal_00273.png,NORMAL,NORMAL,1.0
normal_00274.png,NORMAL,NORMAL,1.0
normal_00275.png,NORMAL,NORMAL,1.0
normal_00276.png,NORMAL,NORMAL,1.0
normal_00277.png,NORMAL,NORMAL,1.0
normal_00278.png,NORMAL,NORMAL,1.0
normal_00279.png,NORMAL,NORMAL,1.0
normal_00280.png,NORMAL,NORMAL,1.0
normal_00281.png,NORMAL,NORMAL,1.0
normal_00282.png,NORMAL,NORMAL,1.0
normal_00283.png,NORMAL,NORMAL,1.0
normal_00284.png,NORMAL,NORMAL,1.0
normal_00285.png,NORMAL,NORMAL,1.0
normal_00286.png,NORMAL,NORMAL,1.0
normal_00287.png,NORMAL,NORMAL,0.9999
normal_00288.png,NORMAL,NORMAL,1.0
normal_00289.png,NORMAL,NORMAL,0.9999
normal_00290.png,NORMAL,NORMAL,1.0
normal_00291.png,NORMAL,NORMAL,1.0
normal_00292.png,NORMAL,NORMAL,1.0
normal_00293.png,NORMAL,NORMAL,1.0
normal_00294.png,NORMAL,NORMAL,1.0
normal_00295.png,NORMAL,NORMAL,1.0
normal_00296.png,NORMAL,NORMAL,1.0
normal_00297.png,NORMAL,NORMAL,1.0
normal_00298.png,NORMAL,NORMAL,1.0
normal_00299.png,NORMAL,NORMAL,1.0
normal_00300.png,NORMAL,NORMAL,1.0
normal_00301.png,NORMAL,NORMAL,1.0
normal_00302.png,NORMAL,NORMAL,1.0
normal_00303.png,NORMAL,NORMAL,1.0
normal_00304.png,NORMAL,NORMAL,1.0
normal_00305.png,NORMAL,NORMAL,1.0
normal_00306.png,NORMAL,NORMAL,1.0
normal_00307.png,NORMAL,NORMAL,1.0
normal_00308.png,NORMAL,NORMAL,1.0
normal_00309.png,NORMAL,NORMAL,1.0
normal_00310.png,NORMAL,NORMAL,1.0
normal_00311.png,NORMAL,NORMAL,1.0
normal_00312.png,NORMAL,NORMAL,1.0
normal_00313.png,NORMAL,NORMAL,1.0
normal_00314.png,NORMAL,NORMAL,1.0
normal_00315.png,NORMAL,NORMAL,1.0
normal_00316.png,NORMAL,NORMAL,1.0
normal_00317.png,NORMAL,NORMAL,1.0
normal_00318.png,NORMAL,NORMAL,1.0
normal_00319.png,NORMAL,NORMAL,1.0
normal_00320.png,NORMAL,NORMAL,1.0
normal_00321.png,NORMAL,NORMAL,1.0
normal_00322.png,NORMAL,NORMAL,1.0
normal_00323.png,NORMAL,NORMAL,1.0
normal_00324.png,NORMAL,NORMAL,1.0
normal_00325.png,NORMAL,NORMAL,1.0
normal_00326.png,NORMAL,NORMAL,1.0
normal_00327.png,NORMAL,NORMAL,1.0
normal_00328.png,NORMAL,NORMAL,1.0
normal_00329.png,NORMAL,NORMAL,1.0
normal_00330.png,NORMAL,NORMAL,1.0
normal_00331.png,NORMAL,NORMAL,1.0
normal_00332.png,NORMAL,NORMAL,1.0
normal_00333.png,NORMAL,NORMAL,0.9963
normal_00334.png,NORMAL,NORMAL,1.0
normal_00335.png,NORMAL,NORMAL,1.0
normal_00336.png,NORMAL,NORMAL,1.0
normal_00337.png,NORMAL,NORMAL,1.0
normal_00338.png,NORMAL,NORMAL,1.0
normal_00339.png,NORMAL,NORMAL,0.9998
normal_00340.png,NORMAL,NORMAL,1.0
normal_00341.png,NORMAL,NORMAL,1.0
normal_00342.png,NORMAL,NORMAL,0.9997
normal_00343.png,NORMAL,NORMAL,1.0
normal_00344.png,NORMAL,NORMAL,1.0
normal_00345.png,NORMAL,NORMAL,1.0
normal_00346.png,NORMAL,NORMAL,1.0
normal_00347.png,NORMAL,NORMAL,1.0
normal_00348.png,NORMAL,NORMAL,1.0
normal_00349.png,NORMAL,NORMAL,1.0
normal_00350.png,NORMAL,NORMAL,1.0
normal_00351.png,NORMAL,NORMAL,1.0
normal_00352.png,NORMAL,NORMAL,1.0
normal_00353.png,NORMAL,NORMAL,1.0
normal_00354.png,NORMAL,NORMAL,1.0
normal_00355.png,NORMAL,NORMAL,1.0
normal_00356.png,NORMAL,NORMAL,1.0
normal_00357.png,NORMAL,NORMAL,1.0
normal_00358.png,NORMAL,NORMAL,1.0
normal_00359.png,NORMAL,NORMAL,1.0
normal_00360.png,NORMAL,NORMAL,1.0
normal_00361.png,NORMAL,NORMAL,1.0
normal_00362.png,NORMAL,NORMAL,1.0
normal_00363.png,NORMAL,NORMAL,1.0
normal_00364.png,NORMAL,NORMAL,1.0
normal_00365.png,NORMAL,NORMAL,1.0
normal_00366.png,NORMAL,NORMAL,1.0
normal_00367.png,NORMAL,NORMAL,1.0
normal_00368.png,NORMAL,NORMAL,1.0
normal_00369.png,NORMAL,NORMAL,1.0
normal_00370.png,NORMAL,NORMAL,1.0
normal_00371.png,NORMAL,NORMAL,1.0
normal_00372.png,NORMAL,NORMAL,1.0
normal_00373.png,NORMAL,NORMAL,1.0
normal_00374.png,NORMAL,NORMAL,1.0
normal_00375.png,NORMAL,NORMAL,1.0
normal_00376.png,NORMAL,NORMAL,1.0
normal_00377.png,NORMAL,NORMAL,1.0
normal_00378.png,NORMAL,NORMAL,1.0
normal_00379.png,NORMAL,NORMAL,1.0
normal_00380.png,NORMAL,NORMAL,1.0
normal_00381.png,NORMAL,NORMAL,1.0
normal_00382.png,NORMAL,NORMAL,1.0
normal_00383.png,NORMAL,NORMAL,1.0
normal_00384.png,NORMAL,NORMAL,1.0
normal_00385.png,NORMAL,NORMAL,1.0
normal_00386.png,NORMAL,NORMAL,1.0
normal_00387.png,NORMAL,NORMAL,1.0
normal_00388.png,NORMAL,NORMAL,1.0
normal_00389.png,NORMAL,NORMAL,1.0
normal_00390.png,NORMAL,NORMAL,1.0
normal_00391.png,NORMAL,NORMAL,1.0
normal_00392.png,NORMAL,NORMAL,1.0
normal_00393.png,NORMAL,NORMAL,1.0
normal_00394.png,NORMAL,NORMAL,1.0
normal_00395.png,NORMAL,NORMAL,1.0
normal_00396.png,NORMAL,NORMAL,1.0
normal_00397.png,NORMAL,NORMAL,1.0
normal_00398.png,NORMAL,NORMAL,1.0
normal_00399.png,NORMAL,NORMAL,1.0
normal_00400.png,NORMAL,NORMAL,1.0
normal_00401.png,NORMAL,NORMAL,1.0
normal_00402.png,NORMAL,NORMAL,1.0
normal_00403.png,NORMAL,NORMAL,1.0
normal_00404.png,NORMAL,NORMAL,1.0
normal_00405.png,NORMAL,NORMAL,1.0
normal_00406.png,NORMAL,NORMAL,1.0
normal_00407.png,NORMAL,NORMAL,1.0
normal_00408.png,NORMAL,NORMAL,1.0
normal_00409.png,NORMAL,NORMAL,1.0
normal_00410.png,NORMAL,NORMAL,1.0
normal_00411.png,NORMAL,NORMAL,1.0
normal_00412.png,NORMAL,NORMAL,1.0
normal_00413.png,NORMAL,NORMAL,1.0
normal_00414.png,NORMAL,NORMAL,1.0
normal_00415.png,NORMAL,NORMAL,1.0
normal_00416.png,NORMAL,NORMAL,1.0
normal_00417.png,NORMAL,NORMAL,1.0
normal_00418.png,NORMAL,NORMAL,1.0
normal_00419.png,NORMAL,NORMAL,1.0
normal_00420.png,NORMAL,NORMAL,1.0
normal_00421.png,NORMAL,NORMAL,1.0
normal_00422.png,NORMAL,NORMAL,1.0
normal_00423.png,NORMAL,NORMAL,1.0
normal_00424.png,NORMAL,NORMAL,1.0
normal_00425.png,NORMAL,NORMAL,1.0
normal_00426.png,NORMAL,NORMAL,1.0
normal_00427.png,NORMAL,NORMAL,1.0
normal_00428.png,NORMAL,NORMAL,1.0
normal_00429.png,NORMAL,NORMAL,1.0
normal_00430.png,NORMAL,NORMAL,1.0
normal_00431.png,NORMAL,NORMAL,1.0
normal_00432.png,NORMAL,NORMAL,1.0
normal_00433.png,NORMAL,NORMAL,1.0
normal_00434.png,NORMAL,NORMAL,1.0
normal_00435.png,NORMAL,NORMAL,1.0
normal_00436.png,NORMAL,NORMAL,1.0
normal_00437.png,NORMAL,NORMAL,1.0
normal_00438.png,NORMAL,NORMAL,1.0
normal_00439.png,NORMAL,NORMAL,1.0
normal_00440.png,NORMAL,NORMAL,0.9998
normal_00441.png,NORMAL,NORMAL,1.0
normal_00442.png,NORMAL,NORMAL,1.0
normal_00443.png,NORMAL,NORMAL,1.0
normal_00444.png,NORMAL,NORMAL,1.0
normal_00445.png,NORMAL,NORMAL,1.0
normal_00446.png,NORMAL,NORMAL,1.0
normal_00447.png,NORMAL,NORMAL,1.0
normal_00448.png,NORMAL,NORMAL,1.0
normal_00449.png,NORMAL,NORMAL,1.0
normal_00450.png,NORMAL,NORMAL,1.0
normal_00451.png,NORMAL,NORMAL,1.0
normal_00452.png,NORMAL,NORMAL,1.0
normal_00453.png,NORMAL,NORMAL,1.0
normal_00454.png,NORMAL,NORMAL,1.0
normal_00455.png,NORMAL,NORMAL,1.0
normal_00456.png,NORMAL,NORMAL,1.0
normal_00457.png,NORMAL,NORMAL,1.0
normal_00458.png,NORMAL,NORMAL,1.0
normal_00459.png,NORMAL,NORMAL,1.0
normal_00460.png,NORMAL,NORMAL,1.0
normal_00461.png,NORMAL,NORMAL,1.0
normal_00462.png,NORMAL,NORMAL,1.0
normal_00463.png,NORMAL,NORMAL,1.0
normal_00464.png,NORMAL,NORMAL,1.0
normal_00465.png,NORMAL,NORMAL,1.0
normal_00466.png,NORMAL,NORMAL,1.0
normal_00467.png,NORMAL,NORMAL,1.0
normal_00468.png,NORMAL,NORMAL,1.0
normal_00469.png,NORMAL,NORMAL,1.0
normal_00470.png,NORMAL,NORMAL,1.0
normal_00471.png,NORMAL,NORMAL,1.0
normal_00472.png,NORMAL,NORMAL,1.0
normal_00473.png,NORMAL,NORMAL,1.0
normal_00474.png,NORMAL,NORMAL,1.0
normal_00475.png,NORMAL,NORMAL,1.0
normal_00476.png,NORMAL,NORMAL,1.0
normal_00477.png,NORMAL,NORMAL,1.0
normal_00478.png,NORMAL,NORMAL,1.0
normal_00479.png,NORMAL,NORMAL,1.0
normal_00480.png,NORMAL,NORMAL,1.0
normal_00481.png,NORMAL,NORMAL,1.0
normal_00482.png,NORMAL,NORMAL,1.0
normal_00483.png,NORMAL,NORMAL,1.0
normal_00484.png,NORMAL,NORMAL,1.0
normal_00485.png,NORMAL,NORMAL,1.0
normal_00486.png,NORMAL,NORMAL,1.0
normal_00487.png,NORMAL,NORMAL,1.0
normal_00488.png,NORMAL,NORMAL,1.0
normal_00489.png,NORMAL,NORMAL,1.0
normal_00490.png,NORMAL,NORMAL,1.0
normal_00491.png,NORMAL,NORMAL,1.0
normal_00492.png,NORMAL,NORMAL,1.0
normal_00493.png,NORMAL,NORMAL,1.0
normal_00494.png,NORMAL,NORMAL,1.0
normal_00495.png,NORMAL,NORMAL,1.0
normal_00496.png,NORMAL,NORMAL,1.0
normal_00497.png,NORMAL,NORMAL,1.0
normal_00498.png,NORMAL,NORMAL,1.0
normal_00499.png,NORMAL,NORMAL,1.0
normal_00500.png,NORMAL,NORMAL,1.0
normal_00501.png,NORMAL,NORMAL,1.0
normal_00502.png,NORMAL,NORMAL,1.0
normal_00503.png,NORMAL,NORMAL,1.0
normal_00504.png,NORMAL,NORMAL,1.0
normal_00505.png,NORMAL,NORMAL,1.0
normal_00506.png,NORMAL,NORMAL,1.0
normal_00507.png,NORMAL,NORMAL,1.0
normal_00508.png,NORMAL,NORMAL,1.0
normal_00509.png,NORMAL,NORMAL,1.0
normal_00510.png,NORMAL,NORMAL,1.0
normal_00511.png,NORMAL,NORMAL,1.0
normal_00512.png,NORMAL,NORMAL,1.0
normal_00513.png,NORMAL,NORMAL,1.0
normal_00514.png,NORMAL,NORMAL,1.0
normal_00515.png,NORMAL,NORMAL,1.0
normal_00516.png,NORMAL,NORMAL,0.9981
normal_00517.png,NORMAL,NORMAL,1.0
normal_00518.png,NORMAL,NORMAL,1.0
normal_00519.png,NORMAL,NORMAL,1.0
normal_00520.png,NORMAL,NORMAL,1.0
normal_00521.png,NORMAL,NORMAL,1.0
normal_00522.png,NORMAL,NORMAL,1.0
normal_00523.png,NORMAL,NORMAL,1.0
normal_00524.png,NORMAL,NORMAL,1.0
normal_00525.png,NORMAL,NORMAL,1.0
normal_00526.png,NORMAL,NORMAL,1.0
normal_00527.png,NORMAL,NORMAL,1.0
normal_00528.png,NORMAL,NORMAL,0.9999
normal_00529.png,NORMAL,NORMAL,1.0
normal_00530.png,NORMAL,NORMAL,1.0
normal_00531.png,NORMAL,NORMAL,1.0
normal_00532.png,NORMAL,NORMAL,1.0
normal_00533.png,NORMAL,NORMAL,1.0
normal_00534.png,NORMAL,NORMAL,1.0
normal_00535.png,NORMAL,NORMAL,1.0
normal_00536.png,NORMAL,NORMAL,1.0
normal_00537.png,NORMAL,NORMAL,1.0
normal_00538.png,NORMAL,NORMAL,1.0
normal_00539.png,NORMAL,NORMAL,1.0
normal_00540.png,NORMAL,NORMAL,1.0
normal_00541.png,NORMAL,NORMAL,1.0
normal_00542.png,NORMAL,NORMAL,1.0
normal_00543.png,NORMAL,NORMAL,1.0
normal_00544.png,NORMAL,NORMAL,1.0
normal_00545.png,NORMAL,NORMAL,1.0
normal_00546.png,NORMAL,NORMAL,1.0
normal_00547.png,NORMAL,NORMAL,1.0
normal_00548.png,NORMAL,NORMAL,1.0
normal_00549.png,NORMAL,NORMAL,1.0
normal_00550.png,NORMAL,NORMAL,1.0
normal_00551.png,NORMAL,NORMAL,1.0
normal_00552.png,NORMAL,NORMAL,1.0
normal_00553.png,NORMAL,NORMAL,1.0
normal_00554.png,NORMAL,NORMAL,1.0
normal_00555.png,NORMAL,NORMAL,1.0
normal_00556.png,NORMAL,NORMAL,1.0
normal_00557.png,NORMAL,NORMAL,1.0
normal_00558.png,NORMAL,NORMAL,1.0
normal_00559.png,NORMAL,NORMAL,1.0
normal_00560.png,NORMAL,NORMAL,1.0
normal_00561.png,NORMAL,NORMAL,1.0
normal_00562.png,NORMAL,NORMAL,1.0
normal_00563.png,NORMAL,NORMAL,1.0
normal_00564.png,NORMAL,NORMAL,1.0
normal_00565.png,NORMAL,NORMAL,1.0
normal_00566.png,NORMAL,NORMAL,1.0
normal_00567.png,NORMAL,NORMAL,1.0
normal_00568.png,NORMAL,NORMAL,1.0
normal_00569.png,NORMAL,NORMAL,1.0
normal_00570.png,NORMAL,NORMAL,1.0
normal_00571.png,NORMAL,NORMAL,1.0
normal_00572.png,NORMAL,NORMAL,1.0
normal_00573.png,NORMAL,NORMAL,1.0
normal_00574.png,NORMAL,NORMAL,1.0
normal_00575.png,NORMAL,NORMAL,1.0
normal_00576.png,NORMAL,NORMAL,1.0
normal_00577.png,NORMAL,NORMAL,1.0
normal_00578.png,NORMAL,NORMAL,1.0
normal_00579.png,NORMAL,NORMAL,1.0
normal_00580.png,NORMAL,NORMAL,1.0
normal_00581.png,NORMAL,NORMAL,1.0
normal_00582.png,NORMAL,NORMAL,1.0
normal_00583.png,NORMAL,NORMAL,1.0
normal_00584.png,NORMAL,NORMAL,1.0
normal_00585.png,NORMAL,NORMAL,1.0
normal_00586.png,NORMAL,NORMAL,1.0
normal_00587.png,NORMAL,NORMAL,1.0
normal_00588.png,NORMAL,NORMAL,1.0
normal_00589.png,NORMAL,NORMAL,1.0
normal_00590.png,NORMAL,NORMAL,1.0
normal_00591.png,NORMAL,NORMAL,1.0
normal_00592.png,NORMAL,NORMAL,1.0
normal_00593.png,NORMAL,NORMAL,1.0
normal_00594.png,NORMAL,NORMAL,1.0
normal_00595.png,NORMAL,NORMAL,1.0
normal_00596.png,NORMAL,NORMAL,1.0
normal_00597.png,NORMAL,NORMAL,1.0
normal_00598.png,NORMAL,NORMAL,1.0
normal_00599.png,NORMAL,NORMAL,1.0
normal_00600.png,NORMAL,NORMAL,1.0
normal_00601.png,NORMAL,NORMAL,1.0
normal_00602.png,NORMAL,NORMAL,1.0
normal_00603.png,NORMAL,NORMAL,0.9999
normal_00604.png,NORMAL,NORMAL,1.0
normal_00605.png,NORMAL,NORMAL,1.0
normal_00606.png,NORMAL,NORMAL,1.0
normal_00607.png,NORMAL,NORMAL,1.0
normal_00608.png,NORMAL,NORMAL,1.0
normal_00609.png,NORMAL,NORMAL,1.0
normal_00610.png,NORMAL,NORMAL,1.0
normal_00611.png,NORMAL,NORMAL,1.0
normal_00612.png,NORMAL,NORMAL,1.0
normal_00613.png,NORMAL,NORMAL,1.0
normal_00614.png,NORMAL,NORMAL,1.0
normal_00615.png,NORMAL,NORMAL,1.0
normal_00616.png,NORMAL,NORMAL,1.0
normal_00617.png,NORMAL,NORMAL,1.0
normal_00618.png,NORMAL,NORMAL,1.0
normal_00619.png,NORMAL,NORMAL,1.0
normal_00620.png,NORMAL,NORMAL,1.0
normal_00621.png,NORMAL,NORMAL,1.0
normal_00622.png,NORMAL,NORMAL,1.0
normal_00623.png,NORMAL,NORMAL,1.0
normal_00624.png,NORMAL,NORMAL,1.0
normal_00625.png,NORMAL,NORMAL,1.0
normal_00626.png,NORMAL,NORMAL,1.0
normal_00627.png,NORMAL,NORMAL,1.0
normal_00628.png,NORMAL,NORMAL,1.0
normal_00629.png,NORMAL,NORMAL,1.0
normal_00630.png,NORMAL,NORMAL,1.0
normal_00631.png,NORMAL,NORMAL,1.0
normal_00632.png,NORMAL,NORMAL,1.0
normal_00633.png,NORMAL,NORMAL,1.0
normal_00634.png,NORMAL,NORMAL,1.0
normal_00635.png,NORMAL,NORMAL,1.0
normal_00636.png,NORMAL,NORMAL,1.0
normal_00637.png,NORMAL,NORMAL,1.0
normal_00638.png,NORMAL,NORMAL,1.0
normal_00639.png,NORMAL,NORMAL,1.0
normal_00640.png,NORMAL,NORMAL,1.0
normal_00641.png,NORMAL,NORMAL,1.0
normal_00642.png,NORMAL,NORMAL,1.0
normal_00643.png,NORMAL,NORMAL,1.0
normal_00644.png,NORMAL,NORMAL,1.0
normal_00645.png,NORMAL,NORMAL,1.0
normal_00646.png,NORMAL,NORMAL,1.0
normal_00647.png,NORMAL,NORMAL,1.0
normal_00648.png,NORMAL,NORMAL,1.0
normal_00649.png,NORMAL,NORMAL,1.0
normal_00650.png,NORMAL,NORMAL,1.0
normal_00651.png,NORMAL,NORMAL,1.0
normal_00652.png,NORMAL,NORMAL,1.0
normal_00653.png,NORMAL,NORMAL,1.0
normal_00654.png,NORMAL,NORMAL,1.0
normal_00655.png,NORMAL,NORMAL,1.0
normal_00656.png,NORMAL,NORMAL,1.0
normal_00657.png,NORMAL,NORMAL,1.0
normal_00658.png,NORMAL,NORMAL,1.0
normal_00659.png,NORMAL,NORMAL,1.0
normal_00660.png,NORMAL,NORMAL,1.0
normal_00661.png,NORMAL,NORMAL,1.0
normal_00662.png,NORMAL,NORMAL,1.0
normal_00663.png,NORMAL,NORMAL,1.0
normal_00664.png,NORMAL,NORMAL,1.0
normal_00665.png,NORMAL,NORMAL,1.0
normal_00666.png,NORMAL,NORMAL,1.0
normal_00667.png,NORMAL,NORMAL,1.0
normal_00668.png,NORMAL,NORMAL,1.0
normal_00669.png,NORMAL,NORMAL,1.0
normal_00670.png,NORMAL,NORMAL,1.0
normal_00671.png,NORMAL,NORMAL,1.0
normal_00672.png,NORMAL,NORMAL,1.0
normal_00673.png,NORMAL,NORMAL,1.0
normal_00674.png,NORMAL,NORMAL,1.0
normal_00675.png,NORMAL,NORMAL,1.0
normal_00676.png,NORMAL,NORMAL,1.0
normal_00677.png,NORMAL,NORMAL,1.0
normal_00678.png,NORMAL,NORMAL,1.0
normal_00679.png,NORMAL,NORMAL,1.0
normal_00680.png,NORMAL,NORMAL,1.0
normal_00681.png,NORMAL,NORMAL,1.0
normal_00682.png,NORMAL,NORMAL,1.0
normal_00683.png,NORMAL,NORMAL,1.0
normal_00684.png,NORMAL,NORMAL,1.0
normal_00685.png,NORMAL,NORMAL,1.0
normal_00686.png,NORMAL,NORMAL,1.0
normal_00687.png,NORMAL,NORMAL,1.0
normal_00688.png,NORMAL,NORMAL,1.0
normal_00689.png,NORMAL,NORMAL,1.0
normal_00690.png,NORMAL,NORMAL,1.0
normal_00691.png,NORMAL,NORMAL,1.0
normal_00692.png,NORMAL,NORMAL,1.0
normal_00693.png,NORMAL,NORMAL,1.0
normal_00694.png,NORMAL,NORMAL,1.0
normal_00695.png,NORMAL,NORMAL,1.0
normal_00696.png,NORMAL,NORMAL,1.0
normal_00697.png,NORMAL,NORMAL,1.0
normal_00698.png,NORMAL,NORMAL,1.0
normal_00699.png,NORMAL,NORMAL,1.0
normal_00700.png,NORMAL,NORMAL,1.0
normal_00701.png,NORMAL,NORMAL,1.0
normal_00702.png,NORMAL,NORMAL,1.0
normal_00703.png,NORMAL,NORMAL,1.0
normal_00704.png,NORMAL,NORMAL,1.0
normal_00705.png,NORMAL,NORMAL,1.0
normal_00706.png,NORMAL,NORMAL,1.0
normal_00707.png,NORMAL,NORMAL,1.0
normal_00708.png,NORMAL,NORMAL,1.0
normal_00709.png,NORMAL,NORMAL,1.0
normal_00710.png,NORMAL,NORMAL,1.0
normal_00711.png,NORMAL,NORMAL,1.0
normal_00712.png,NORMAL,NORMAL,1.0
normal_00713.png,NORMAL,NORMAL,1.0
normal_00714.png,NORMAL,NORMAL,1.0
normal_00715.png,NORMAL,NORMAL,1.0
normal_00716.png,NORMAL,NORMAL,1.0
normal_00717.png,NORMAL,NORMAL,1.0
normal_00718.png,NORMAL,NORMAL,1.0
normal_00719.png,NORMAL,NORMAL,1.0
normal_00720.png,NORMAL,NORMAL,1.0
normal_00721.png,NORMAL,NORMAL,1.0
normal_00722.png,NORMAL,NORMAL,1.0
normal_00723.png,NORMAL,NORMAL,1.0
normal_00724.png,NORMAL,NORMAL,1.0
normal_00725.png,NORMAL,NORMAL,1.0
normal_00726.png,NORMAL,NORMAL,1.0
normal_00727.png,NORMAL,NORMAL,1.0
normal_00728.png,NORMAL,NORMAL,1.0
normal_00729.png,NORMAL,NORMAL,1.0
normal_00730.png,NORMAL,NORMAL,1.0
normal_00731.png,NORMAL,NORMAL,1.0
normal_00732.png,NORMAL,NORMAL,1.0
normal_00733.png,NORMAL,NORMAL,1.0
normal_00734.png,NORMAL,NORMAL,1.0
normal_00735.png,NORMAL,NORMAL,1.0
normal_00736.png,NORMAL,NORMAL,1.0
normal_00737.png,NORMAL,NORMAL,1.0
normal_00738.png,NORMAL,NORMAL,1.0
normal_00739.png,NORMAL,NORMAL,1.0
normal_00740.png,NORMAL,NORMAL,1.0
normal_00741.png,NORMAL,NORMAL,1.0
normal_00742.png,NORMAL,NORMAL,1.0
normal_00743.png,NORMAL,NORMAL,1.0
normal_00744.png,NORMAL,NORMAL,1.0
normal_00745.png,NORMAL,NORMAL,1.0
normal_00746.png,NORMAL,NORMAL,1.0
normal_00747.png,NORMAL,NORMAL,1.0
normal_00748.png,NORMAL,NORMAL,1.0
normal_00749.png,NORMAL,NORMAL,1.0
normal_00750.png,NORMAL,NORMAL,1.0
normal_00751.png,NORMAL,NORMAL,1.0
normal_00752.png,NORMAL,NORMAL,1.0
normal_00753.png,NORMAL,NORMAL,1.0
normal_00754.png,NORMAL,NORMAL,1.0
normal_00755.png,NORMAL,NORMAL,1.0
normal_00756.png,NORMAL,NORMAL,1.0
normal_00757.png,NORMAL,NORMAL,1.0
normal_00758.png,NORMAL,NORMAL,1.0
normal_00759.png,NORMAL,NORMAL,1.0
normal_00760.png,NORMAL,NORMAL,1.0
normal_00761.png,NORMAL,NORMAL,1.0
normal_00762.png,NORMAL,NORMAL,1.0
normal_00763.png,NORMAL,NORMAL,1.0
normal_00764.png,NORMAL,NORMAL,1.0
normal_00765.png,NORMAL,NORMAL,1.0
normal_00766.png,NORMAL,NORMAL,1.0
normal_00767.png,NORMAL,NORMAL,1.0
normal_00768.png,NORMAL,NORMAL,1.0
normal_00769.png,NORMAL,NORMAL,1.0
normal_00770.png,NORMAL,NORMAL,1.0
normal_00771.png,NORMAL,NORMAL,1.0
normal_00772.png,NORMAL,NORMAL,1.0
normal_00773.png,NORMAL,NORMAL,1.0
normal_00774.png,NORMAL,NORMAL,1.0
normal_00775.png,NORMAL,NORMAL,1.0
normal_00776.png,NORMAL,NORMAL,1.0
normal_00777.png,NORMAL,NORMAL,1.0
normal_00778.png,NORMAL,NORMAL,1.0
normal_00779.png,NORMAL,NORMAL,1.0
normal_00780.png,NORMAL,NORMAL,1.0
normal_00781.png,NORMAL,NORMAL,1.0
normal_00782.png,NORMAL,NORMAL,1.0
normal_00783.png,NORMAL,NORMAL,1.0
normal_00784.png,NORMAL,NORMAL,1.0
normal_00785.png,NORMAL,NORMAL,1.0
normal_00786.png,NORMAL,NORMAL,1.0
normal_00787.png,NORMAL,NORMAL,1.0
normal_00788.png,NORMAL,NORMAL,1.0
normal_00789.png,NORMAL,NORMAL,1.0
normal_00790.png,NORMAL,NORMAL,1.0
normal_00791.png,NORMAL,NORMAL,1.0
normal_00792.png,NORMAL,NORMAL,1.0
normal_00793.png,NORMAL,NORMAL,1.0
normal_00794.png,NORMAL,NORMAL,1.0
normal_00795.png,NORMAL,NORMAL,1.0
normal_00796.png,NORMAL,NORMAL,1.0
normal_00797.png,NORMAL,NORMAL,1.0
normal_00798.png,NORMAL,NORMAL,1.0
normal_00799.png,NORMAL,NORMAL,1.0
normal_00800.png,NORMAL,NORMAL,1.0
normal_00801.png,NORMAL,NORMAL,1.0
normal_00802.png,NORMAL,NORMAL,1.0
normal_00803.png,NORMAL,NORMAL,1.0
normal_00804.png,NORMAL,NORMAL,1.0
normal_00805.png,NORMAL,NORMAL,1.0
normal_00806.png,NORMAL,NORMAL,1.0
normal_00807.png,NORMAL,NORMAL,1.0
normal_00808.png,NORMAL,NORMAL,1.0
normal_00809.png,NORMAL,NORMAL,1.0
normal_00810.png,NORMAL,NORMAL,1.0
normal_00811.png,NORMAL,NORMAL,1.0
normal_00812.png,NORMAL,NORMAL,1.0
normal_00813.png,NORMAL,NORMAL,1.0
normal_00814.png,NORMAL,NORMAL,1.0
normal_00815.png,NORMAL,NORMAL,1.0
normal_00816.png,NORMAL,NORMAL,1.0
normal_00817.png,NORMAL,NORMAL,1.0
normal_00818.png,NORMAL,NORMAL,1.0
normal_00819.png,NORMAL,NORMAL,1.0
normal_00820.png,NORMAL,NORMAL,1.0
normal_00821.png,NORMAL,NORMAL,1.0
normal_00822.png,NORMAL,NORMAL,1.0
normal_00823.png,NORMAL,NORMAL,1.0
normal_00824.png,NORMAL,NORMAL,1.0
normal_00825.png,NORMAL,NORMAL,1.0
normal_00826.png,NORMAL,NORMAL,1.0
normal_00827.png,NORMAL,NORMAL,1.0
normal_00828.png,NORMAL,NORMAL,1.0
normal_00829.png,NORMAL,NORMAL,1.0
normal_00830.png,NORMAL,NORMAL,1.0
normal_00831.png,NORMAL,NORMAL,1.0
normal_00832.png,NORMAL,NORMAL,1.0
normal_00833.png,NORMAL,NORMAL,1.0
normal_00834.png,NORMAL,NORMAL,1.0
normal_00835.png,NORMAL,NORMAL,1.0
normal_00836.png,NORMAL,NORMAL,1.0
normal_00837.png,NORMAL,NORMAL,1.0
normal_00838.png,NORMAL,NORMAL,1.0
normal_00839.png,NORMAL,NORMAL,1.0
normal_00840.png,NORMAL,NORMAL,1.0
normal_00841.png,NORMAL,NORMAL,1.0
normal_00842.png,NORMAL,NORMAL,1.0
normal_00843.png,NORMAL,NORMAL,1.0
normal_00844.png,NORMAL,NORMAL,1.0
normal_00845.png,NORMAL,NORMAL,1.0
normal_00846.png,NORMAL,NORMAL,1.0
normal_00847.png,NORMAL,NORMAL,1.0
normal_00848.png,NORMAL,NORMAL,1.0
normal_00849.png,NORMAL,NORMAL,1.0
normal_00850.png,NORMAL,NORMAL,1.0
normal_00851.png,NORMAL,NORMAL,1.0
normal_00852.png,NORMAL,NORMAL,1.0
normal_00853.png,NORMAL,NORMAL,1.0
normal_00854.png,NORMAL,NORMAL,1.0
normal_00855.png,NORMAL,NORMAL,1.0
normal_00856.png,NORMAL,NORMAL,1.0
normal_00857.png,NORMAL,NORMAL,1.0
normal_00858.png,NORMAL,NORMAL,1.0
normal_00859.png,NORMAL,NORMAL,1.0
normal_00860.png,NORMAL,NORMAL,1.0
normal_00861.png,NORMAL,NORMAL,1.0
normal_00862.png,NORMAL,NORMAL,1.0
normal_00863.png,NORMAL,NORMAL,1.0
normal_00864.png,NORMAL,NORMAL,1.0
normal_00865.png,NORMAL,NORMAL,1.0
normal_00866.png,NORMAL,NORMAL,1.0
normal_00867.png,NORMAL,NORMAL,1.0
normal_00868.png,NORMAL,NORMAL,1.0
normal_00869.png,NORMAL,NORMAL,1.0
normal_00870.png,NORMAL,NORMAL,1.0
normal_00871.png,NORMAL,NORMAL,1.0
normal_00872.png,NORMAL,NORMAL,1.0
normal_00873.png,NORMAL,NORMAL,1.0
normal_00874.png,NORMAL,NORMAL,1.0
normal_00875.png,NORMAL,NORMAL,1.0
normal_00876.png,NORMAL,NORMAL,1.0
normal_00877.png,NORMAL,NORMAL,1.0
normal_00878.png,NORMAL,NORMAL,1.0
normal_00879.png,NORMAL,NORMAL,1.0
normal_00880.png,NORMAL,NORMAL,1.0
normal_00881.png,NORMAL,NORMAL,1.0
normal_00882.png,NORMAL,NORMAL,1.0
normal_00883.png,NORMAL,NORMAL,1.0
normal_00884.png,NORMAL,NORMAL,1.0
normal_00885.png,NORMAL,NORMAL,1.0
normal_00886.png,NORMAL,NORMAL,1.0
normal_00887.png,NORMAL,NORMAL,1.0
normal_00888.png,NORMAL,NORMAL,1.0
normal_00889.png,NORMAL,NORMAL,1.0
normal_00890.png,NORMAL,NORMAL,1.0
normal_00891.png,NORMAL,NORMAL,1.0
normal_00892.png,NORMAL,NORMAL,1.0
normal_00893.png,NORMAL,NORMAL,1.0
normal_00894.png,NORMAL,NORMAL,1.0
normal_00895.png,NORMAL,NORMAL,1.0
normal_00896.png,NORMAL,NORMAL,1.0
normal_00897.png,NORMAL,NORMAL,1.0
normal_00898.png,NORMAL,NORMAL,1.0
normal_00899.png,NORMAL,NORMAL,1.0
normal_00900.png,NORMAL,NORMAL,1.0
normal_00901.png,NORMAL,NORMAL,1.0
normal_00902.png,NORMAL,NORMAL,1.0
normal_00903.png,NORMAL,NORMAL,1.0
normal_00904.png,NORMAL,NORMAL,1.0
normal_00905.png,NORMAL,NORMAL,1.0
normal_00906.png,NORMAL,NORMAL,1.0
normal_00907.png,NORMAL,NORMAL,1.0
normal_00908.png,NORMAL,NORMAL,1.0
normal_00909.png,NORMAL,NORMAL,1.0
normal_00910.png,NORMAL,NORMAL,1.0
normal_00911.png,NORMAL,NORMAL,1.0
normal_00912.png,NORMAL,NORMAL,1.0
normal_00913.png,NORMAL,NORMAL,1.0
normal_00914.png,NORMAL,NORMAL,1.0
normal_00915.png,NORMAL,NORMAL,1.0
normal_00916.png,NORMAL,NORMAL,1.0
normal_00917.png,NORMAL,NORMAL,1.0
normal_00918.png,NORMAL,NORMAL,1.0
normal_00919.png,NORMAL,NORMAL,1.0
normal_00920.png,NORMAL,NORMAL,1.0
normal_00921.png,NORMAL,NORMAL,1.0
normal_00922.png,NORMAL,NORMAL,1.0
normal_00923.png,NORMAL,NORMAL,1.0
normal_00924.png,NORMAL,NORMAL,1.0
normal_00925.png,NORMAL,NORMAL,1.0
normal_00926.png,NORMAL,NORMAL,1.0
normal_00927.png,NORMAL,NORMAL,1.0
normal_00928.png,NORMAL,NORMAL,1.0
normal_00929.png,NORMAL,NORMAL,1.0
normal_00930.png,NORMAL,NORMAL,1.0
normal_00931.png,NORMAL,NORMAL,1.0
normal_00932.png,NORMAL,NORMAL,1.0
normal_00933.png,NORMAL,NORMAL,1.0
normal_00934.png,NORMAL,NORMAL,1.0
normal_00935.png,NORMAL,NORMAL,1.0
normal_00936.png,NORMAL,NORMAL,1.0
normal_00937.png,NORMAL,NORMAL,1.0
normal_00938.png,NORMAL,NORMAL,1.0
normal_00939.png,NORMAL,NORMAL,1.0
normal_00940.png,NORMAL,NORMAL,1.0
normal_00941.png,NORMAL,NORMAL,1.0
normal_00942.png,NORMAL,NORMAL,1.0
normal_00943.png,NORMAL,NORMAL,1.0
normal_00944.png,NORMAL,NORMAL,1.0
normal_00945.png,NORMAL,NORMAL,1.0
normal_00946.png,NORMAL,NORMAL,1.0
normal_00947.png,NORMAL,NORMAL,1.0
normal_00948.png,NORMAL,NORMAL,1.0
normal_00949.png,NORMAL,NORMAL,1.0
normal_00950.png,NORMAL,NORMAL,1.0
normal_00951.png,NORMAL,NORMAL,1.0
normal_00952.png,NORMAL,NORMAL,1.0
normal_00953.png,NORMAL,NORMAL,1.0
normal_00954.png,NORMAL,NORMAL,1.0
normal_00955.png,NORMAL,NORMAL,1.0
normal_00956.png,NORMAL,NORMAL,1.0
normal_00957.png,NORMAL,NORMAL,1.0
normal_00958.png,NORMAL,NORMAL,1.0
normal_00959.png,NORMAL,NORMAL,1.0
normal_00960.png,NORMAL,NORMAL,1.0
normal_00961.png,NORMAL,NORMAL,1.0
normal_00962.png,NORMAL,NORMAL,1.0
normal_00963.png,NORMAL,NORMAL,1.0
normal_00964.png,NORMAL,NORMAL,1.0
normal_00965.png,NORMAL,NORMAL,1.0
normal_00966.png,NORMAL,NORMAL,1.0
normal_00967.png,NORMAL,NORMAL,1.0
normal_00968.png,NORMAL,NORMAL,1.0
normal_00969.png,NORMAL,NORMAL,1.0
normal_00970.png,NORMAL,NORMAL,1.0
normal_00971.png,NORMAL,NORMAL,1.0
normal_00972.png,NORMAL,NORMAL,1.0
normal_00973.png,NORMAL,NORMAL,1.0
normal_00974.png,NORMAL,NORMAL,1.0
normal_00975.png,NORMAL,NORMAL,1.0
normal_00976.png,NORMAL,NORMAL,1.0
normal_00977.png,NORMAL,NORMAL,1.0
normal_00978.png,NORMAL,NORMAL,1.0
normal_00979.png,NORMAL,NORMAL,1.0
normal_00980.png,NORMAL,NORMAL,1.0
normal_00981.png,NORMAL,NORMAL,1.0
normal_00982.png,NORMAL,NORMAL,1.0
normal_00983.png,NORMAL,NORMAL,1.0
normal_00984.png,NORMAL,NORMAL,1.0
normal_00985.png,NORMAL,NORMAL,1.0
normal_00986.png,NORMAL,NORMAL,1.0
normal_00987.png,NORMAL,NORMAL,1.0
normal_00988.png,NORMAL,NORMAL,1.0
normal_00989.png,NORMAL,NORMAL,1.0
normal_00990.png,NORMAL,NORMAL,1.0
normal_00991.png,NORMAL,NORMAL,1.0
normal_00992.png,NORMAL,NORMAL,1.0
normal_00993.png,NORMAL,NORMAL,1.0
normal_00994.png,NORMAL,NORMAL,1.0
normal_00995.png,NORMAL,NORMAL,1.0
normal_00996.png,NORMAL,NORMAL,1.0
normal_00997.png,NORMAL,NORMAL,1.0
normal_00998.png,NORMAL,NORMAL,1.0
normal_00999.png,NORMAL,NORMAL,1.0
normal_01000.png,NORMAL,NORMAL,1.0
normal_01001.png,NORMAL,NORMAL,1.0
normal_01002.png,NORMAL,NORMAL,1.0
normal_01003.png,NORMAL,NORMAL,1.0
normal_01004.png,NORMAL,NORMAL,1.0
normal_01005.png,NORMAL,NORMAL,1.0
normal_01006.png,NORMAL,NORMAL,1.0
normal_01007.png,NORMAL,NORMAL,1.0
normal_01008.png,NORMAL,NORMAL,1.0
normal_01009.png,NORMAL,NORMAL,1.0
normal_01010.png,NORMAL,NORMAL,1.0
normal_01011.png,NORMAL,NORMAL,1.0
normal_01012.png,NORMAL,NORMAL,1.0
normal_01013.png,NORMAL,NORMAL,1.0
normal_01014.png,NORMAL,NORMAL,1.0
normal_01015.png,NORMAL,NORMAL,1.0
normal_01016.png,NORMAL,NORMAL,1.0
normal_01017.png,NORMAL,NORMAL,1.0
normal_01018.png,NORMAL,NORMAL,1.0
normal_01019.png,NORMAL,NORMAL,1.0
normal_01020.png,NORMAL,NORMAL,1.0
normal_01021.png,NORMAL,NORMAL,1.0
normal_01022.png,NORMAL,NORMAL,1.0
normal_01023.png,NORMAL,NORMAL,1.0
normal_01024.png,NORMAL,NORMAL,1.0
normal_01025.png,NORMAL,NORMAL,1.0
normal_01026.png,NORMAL,NORMAL,1.0
normal_01027.png,NORMAL,NORMAL,1.0
normal_01028.png,NORMAL,NORMAL,1.0
normal_01029.png,NORMAL,NORMAL,1.0
normal_01030.png,NORMAL,NORMAL,1.0
normal_01031.png,NORMAL,NORMAL,1.0
normal_01032.png,NORMAL,NORMAL,1.0
normal_01033.png,NORMAL,NORMAL,1.0
normal_01034.png,NORMAL,NORMAL,1.0
normal_01035.png,NORMAL,NORMAL,1.0
normal_01036.png,NORMAL,NORMAL,1.0
normal_01037.png,NORMAL,NORMAL,1.0
normal_01038.png,NORMAL,NORMAL,1.0
normal_01039.png,NORMAL,NORMAL,1.0
normal_01040.png,NORMAL,NORMAL,1.0
normal_01041.png,NORMAL,NORMAL,1.0
normal_01042.png,NORMAL,NORMAL,1.0
normal_01043.png,NORMAL,NORMAL,1.0
normal_01044.png,NORMAL,NORMAL,1.0
normal_01045.png,NORMAL,NORMAL,1.0
normal_01046.png,NORMAL,NORMAL,1.0
normal_01047.png,NORMAL,NORMAL,1.0
normal_01048.png,NORMAL,NORMAL,1.0
normal_01049.png,NORMAL,NORMAL,1.0
normal_01050.png,NORMAL,NORMAL,1.0
normal_01051.png,NORMAL,NORMAL,1.0
normal_01052.png,NORMAL,NORMAL,1.0
normal_01053.png,NORMAL,NORMAL,1.0
normal_01054.png,NORMAL,NORMAL,1.0
normal_01055.png,NORMAL,NORMAL,1.0
normal_01056.png,NORMAL,NORMAL,1.0
normal_01057.png,NORMAL,NORMAL,1.0
normal_01058.png,NORMAL,NORMAL,1.0
normal_01059.png,NORMAL,NORMAL,1.0
normal_01060.png,NORMAL,NORMAL,1.0
normal_01061.png,NORMAL,NORMAL,1.0
normal_01062.png,NORMAL,NORMAL,1.0
normal_01063.png,NORMAL,NORMAL,1.0
normal_01064.png,NORMAL,NORMAL,1.0
normal_01065.png,NORMAL,NORMAL,1.0
normal_01066.png,NORMAL,NORMAL,1.0
normal_01067.png,NORMAL,NORMAL,1.0
normal_01068.png,NORMAL,NORMAL,1.0
normal_01069.png,NORMAL,NORMAL,1.0
normal_01070.png,NORMAL,NORMAL,1.0
normal_01071.png,NORMAL,NORMAL,1.0
normal_01072.png,NORMAL,NORMAL,1.0
normal_01073.png,NORMAL,NORMAL,1.0
normal_01074.png,NORMAL,NORMAL,1.0
normal_01075.png,NORMAL,NORMAL,1.0
normal_01076.png,NORMAL,NORMAL,1.0
normal_01077.png,NORMAL,NORMAL,1.0
normal_01078.png,NORMAL,NORMAL,1.0
normal_01079.png,NORMAL,NORMAL,1.0
normal_01080.png,NORMAL,NORMAL,0.9524
normal_01081.png,NORMAL,TUBERCULOSIS,0.8022
normal_01082.png,NORMAL,NORMAL,0.9998
normal_01083.png,NORMAL,NORMAL,1.0
normal_01084.png,NORMAL,NORMAL,1.0
normal_01085.png,NORMAL,NORMAL,1.0
normal_01086.png,NORMAL,NORMAL,1.0
normal_01087.png,NORMAL,NORMAL,1.0
normal_01088.png,NORMAL,NORMAL,1.0
normal_01089.png,NORMAL,NORMAL,0.9998
normal_01090.png,NORMAL,NORMAL,1.0
normal_01091.png,NORMAL,NORMAL,1.0
normal_01092.png,NORMAL,NORMAL,1.0
normal_01093.png,NORMAL,NORMAL,0.9994
normal_01094.png,NORMAL,NORMAL,1.0
normal_01095.png,NORMAL,NORMAL,0.995
normal_01096.png,NORMAL,NORMAL,0.9998
normal_01097.png,NORMAL,NORMAL,1.0
normal_01098.png,NORMAL,NORMAL,1.0
normal_01099.png,NORMAL,NORMAL,1.0
normal_01100.png,NORMAL,NORMAL,1.0
normal_01101.png,NORMAL,NORMAL,1.0
normal_01102.png,NORMAL,NORMAL,1.0
normal_01103.png,NORMAL,NORMAL,1.0
normal_01104.png,NORMAL,NORMAL,1.0
normal_01105.png,NORMAL,NORMAL,1.0
normal_01106.png,NORMAL,NORMAL,1.0
normal_01107.png,NORMAL,NORMAL,1.0
normal_01108.png,NORMAL,NORMAL,1.0
normal_01109.png,NORMAL,NORMAL,1.0
normal_01110.png,NORMAL,NORMAL,1.0
normal_01111.png,NORMAL,NORMAL,1.0
normal_01112.png,NORMAL,NORMAL,1.0
normal_01113.png,NORMAL,NORMAL,1.0
normal_01114.png,NORMAL,NORMAL,1.0
normal_01115.png,NORMAL,NORMAL,1.0
normal_01116.png,NORMAL,NORMAL,1.0
normal_01117.png,NORMAL,NORMAL,1.0
normal_01118.png,NORMAL,NORMAL,1.0
normal_01119.png,NORMAL,NORMAL,1.0
normal_01120.png,NORMAL,NORMAL,1.0
normal_01121.png,NORMAL,NORMAL,1.0
normal_01122.png,NORMAL,NORMAL,1.0
normal_01123.png,NORMAL,NORMAL,1.0
normal_01124.png,NORMAL,NORMAL,1.0
normal_01125.png,NORMAL,NORMAL,1.0
normal_01126.png,NORMAL,NORMAL,0.9998
normal_01127.png,NORMAL,NORMAL,1.0
normal_01128.png,NORMAL,NORMAL,0.9998
normal_01129.png,NORMAL,NORMAL,1.0
normal_01130.png,NORMAL,NORMAL,1.0
normal_01131.png,NORMAL,NORMAL,1.0
normal_01132.png,NORMAL,NORMAL,1.0
normal_01133.png,NORMAL,NORMAL,0.9888
normal_01134.png,NORMAL,NORMAL,1.0
normal_01135.png,NORMAL,NORMAL,0.9997
normal_01136.png,NORMAL,TUBERCULOSIS,0.5318
normal_01137.png,NORMAL,NORMAL,1.0
normal_01138.png,NORMAL,NORMAL,1.0
normal_01139.png,NORMAL,NORMAL,1.0
normal_01140.png,NORMAL,NORMAL,1.0
normal_01141.png,NORMAL,NORMAL,1.0
normal_01142.png,NORMAL,NORMAL,1.0
normal_01143.png,NORMAL,NORMAL,1.0
normal_01144.png,NORMAL,NORMAL,1.0
normal_01145.png,NORMAL,NORMAL,1.0
normal_01146.png,NORMAL,NORMAL,1.0
normal_01147.png,NORMAL,NORMAL,0.9155
normal_01148.png,NORMAL,NORMAL,1.0
normal_01149.png,NORMAL,NORMAL,1.0
normal_01150.png,NORMAL,NORMAL,0.98
normal_01151.png,NORMAL,NORMAL,1.0
normal_01152.png,NORMAL,NORMAL,0.9998
normal_01153.png,NORMAL,NORMAL,1.0
normal_01154.png,NORMAL,NORMAL,1.0
normal_01155.png,NORMAL,NORMAL,0.9866
normal_01156.png,NORMAL,NORMAL,1.0
normal_01157.png,NORMAL,NORMAL,1.0
normal_01158.png,NORMAL,NORMAL,1.0
normal_01159.png,NORMAL,NORMAL,1.0
normal_01160.png,NORMAL,NORMAL,1.0
normal_01161.png,NORMAL,NORMAL,1.0
normal_01162.png,NORMAL,NORMAL,1.0
normal_01163.png,NORMAL,NORMAL,1.0
tb_00001.png,TUBERCULOSIS,TUBERCULOSIS,1.0
tb_00002.png,TUBERCULOSIS,TUBERCULOSIS,1.0
tb_00003.png,TUBERCULOSIS,TUBERCULOSIS,1.0
tb_00004.png,TUBERCULOSIS,TUBERCULOSIS,1.0
tb_00005.png,TUBERCULOSIS,TUBERCULOSIS,1.0
tb_00006.png,TUBERCULOSIS,TUBERCULOSIS,1.0
tb_00007.png,TUBERCULOSIS,TUBERCULOSIS,1.0
tb_00008.png,TUBERCULOSIS,TUBERCULOSIS,1.0
tb_00009.png,TUBERCULOSIS,TUBERCULOSIS,1.0
tb_00010.png,TUBERCULOSIS,TUBERCULOSIS,1.0
tb_00011.png,TUBERCULOSIS,TUBERCULOSIS,1.0
tb_00012.png,TUBERCULOSIS,TUBERCULOSIS,1.0
tb_00013.png,TUBERCULOSIS,TUBERCULOSIS,1.0
tb_00014.png,TUBERCULOSIS,TUBERCULOSIS,1.0
tb_00015.png,TUBERCULOSIS,TUBERCULOSIS,1.0
tb_00016.png,TUBERCULOSIS,TUBERCULOSIS,1.0
tb_00017.png,TUBERCULOSIS,TUBERCULOSIS,1.0
tb_00018.png,TUBERCULOSIS,TUBERCULOSIS,1.0
tb_00019.png,TUBERCULOSIS,TUBERCULOSIS,1.0
tb_00020.png,TUBERCULOSIS,TUBERCULOSIS,1.0
tb_00021.png,TUBERCULOSIS,TUBERCULOSIS,1.0
tb_00022.png,TUBERCULOSIS,TUBERCULOSIS,1.0
tb_00023.png,TUBERCULOSIS,TUBERCULOSIS,1.0
tb_00024.png,TUBERCULOSIS,TUBERCULOSIS,1.0
tb_00025.png,TUBERCULOSIS,TUBERCULOSIS,1.0
tb_00026.png,TUBERCULOSIS,TUBERCULOSIS,1.0
tb_00027.png,TUBERCULOSIS,TUBERCULOSIS,1.0
tb_00028.png,TUBERCULOSIS,TUBERCULOSIS,1.0
tb_00029.png,TUBERCULOSIS,TUBERCULOSIS,1.0
tb_00030.png,TUBERCULOSIS,TUBERCULOSIS,1.0
tb_00031.png,TUBERCULOSIS,TUBERCULOSIS,1.0
tb_00032.png,TUBERCULOSIS,TUBERCULOSIS,1.0
tb_00033.png,TUBERCULOSIS,TUBERCULOSIS,1.0
tb_00034.png,TUBERCULOSIS,TUBERCULOSIS,1.0
tb_00035.png,TUBERCULOSIS,TUBERCULOSIS,1.0
tb_00036.png,TUBERCULOSIS,TUBERCULOSIS,1.0
tb_00037.png,TUBERCULOSIS,TUBERCULOSIS,1.0
tb_00038.png,TUBERCULOSIS,TUBERCULOSIS,1.0
tb_00039.png,TUBERCULOSIS,TUBERCULOSIS,1.0
tb_00040.png,TUBERCULOSIS,TUBERCULOSIS,1.0
tb_00041.png,TUBERCULOSIS,TUBERCULOSIS,1.0
tb_00042.png,TUBERCULOSIS,TUBERCULOSIS,1.0
tb_00043.png,TUBERCULOSIS,TUBERCULOSIS,1.0
tb_00044.png,TUBERCULOSIS,TUBERCULOSIS,1.0
tb_00045.png,TUBERCULOSIS,TUBERCULOSIS,1.0
tb_00046.png,TUBERCULOSIS,TUBERCULOSIS,1.0
tb_00047.png,TUBERCULOSIS,TUBERCULOSIS,1.0
tb_00048.png,TUBERCULOSIS,TUBERCULOSIS,1.0
tb_00049.png,TUBERCULOSIS,TUBERCULOSIS,1.0
tb_00050.png,TUBERCULOSIS,TUBERCULOSIS,1.0
tb_00051.png,TUBERCULOSIS,TUBERCULOSIS,1.0
tb_00052.png,TUBERCULOSIS,TUBERCULOSIS,1.0
tb_00053.png,TUBERCULOSIS,TUBERCULOSIS,1.0
tb_00054.png,TUBERCULOSIS,TUBERCULOSIS,1.0
tb_00055.png,TUBERCULOSIS,TUBERCULOSIS,1.0
tb_00056.png,TUBERCULOSIS,TUBERCULOSIS,1.0
tb_00057.png,TUBERCULOSIS,TUBERCULOSIS,1.0
tb_00058.png,TUBERCULOSIS,TUBERCULOSIS,1.0
tb_00059.png,TUBERCULOSIS,TUBERCULOSIS,1.0
tb_00060.png,TUBERCULOSIS,TUBERCULOSIS,1.0
tb_00061.png,TUBERCULOSIS,TUBERCULOSIS,1.0
tb_00062.png,TUBERCULOSIS,TUBERCULOSIS,1.0
tb_00063.png,TUBERCULOSIS,TUBERCULOSIS,1.0
tb_00064.png,TUBERCULOSIS,TUBERCULOSIS,1.0
tb_00065.png,TUBERCULOSIS,TUBERCULOSIS,1.0
tb_00066.png,TUBERCULOSIS,TUBERCULOSIS,1.0
tb_00067.png,TUBERCULOSIS,TUBERCULOSIS,1.0
tb_00068.png,TUBERCULOSIS,TUBERCULOSIS,1.0
tb_00069.png,TUBERCULOSIS,TUBERCULOSIS,1.0
tb_00070.png,TUBERCULOSIS,TUBERCULOSIS,1.0
tb_00071.png,TUBERCULOSIS,TUBERCULOSIS,1.0
tb_00072.png,TUBERCULOSIS,TUBERCULOSIS,1.0
tb_00073.png,TUBERCULOSIS,TUBERCULOSIS,1.0
tb_00074.png,TUBERCULOSIS,TUBERCULOSIS,1.0
tb_00075.png,TUBERCULOSIS,TUBERCULOSIS,1.0
tb_00076.png,TUBERCULOSIS,TUBERCULOSIS,1.0
tb_00077.png,TUBERCULOSIS,TUBERCULOSIS,1.0
tb_00078.png,TUBERCULOSIS,TUBERCULOSIS,1.0
tb_00079.png,TUBERCULOSIS,TUBERCULOSIS,1.0
tb_00080.png,TUBERCULOSIS,TUBERCULOSIS,1.0
tb_00081.png,TUBERCULOSIS,TUBERCULOSIS,1.0
tb_00082.png,TUBERCULOSIS,TUBERCULOSIS,1.0
tb_00083.png,TUBERCULOSIS,TUBERCULOSIS,1.0
tb_00084.png,TUBERCULOSIS,TUBERCULOSIS,1.0
tb_00085.png,TUBERCULOSIS,TUBERCULOSIS,1.0
tb_00086.png,TUBERCULOSIS,TUBERCULOSIS,1.0
tb_00087.png,TUBERCULOSIS,TUBERCULOSIS,1.0
tb_00088.png,TUBERCULOSIS,TUBERCULOSIS,1.0
tb_00089.png,TUBERCULOSIS,TUBERCULOSIS,1.0
tb_00090.png,TUBERCULOSIS,TUBERCULOSIS,1.0
tb_00091.png,TUBERCULOSIS,TUBERCULOSIS,1.0
tb_00092.png,TUBERCULOSIS,TUBERCULOSIS,1.0
tb_00093.png,TUBERCULOSIS,TUBERCULOSIS,0.7813
tb_00094.png,TUBERCULOSIS,TUBERCULOSIS,1.0
tb_00095.png,TUBERCULOSIS,TUBERCULOSIS,1.0
tb_00096.png,TUBERCULOSIS,TUBERCULOSIS,1.0
tb_00097.png,TUBERCULOSIS,TUBERCULOSIS,1.0
tb_00098.png,TUBERCULOSIS,TUBERCULOSIS,1.0
tb_00099.png,TUBERCULOSIS,TUBERCULOSIS,1.0
tb_00100.png,TUBERCULOSIS,TUBERCULOSIS,1.0
tb_00101.png,TUBERCULOSIS,TUBERCULOSIS,1.0
tb_00102.png,TUBERCULOSIS,TUBERCULOSIS,1.0
tb_00103.png,TUBERCULOSIS,TUBERCULOSIS,1.0
tb_00104.png,TUBERCULOSIS,TUBERCULOSIS,1.0
tb_00105.png,TUBERCULOSIS,TUBERCULOSIS,1.0
tb_00106.png,TUBERCULOSIS,TUBERCULOSIS,1.0
tb_00107.png,TUBERCULOSIS,TUBERCULOSIS,1.0
tb_00108.png,TUBERCULOSIS,TUBERCULOSIS,1.0
tb_00109.png,TUBERCULOSIS,TUBERCULOSIS,1.0
tb_00110.png,TUBERCULOSIS,TUBERCULOSIS,1.0
tb_00111.png,TUBERCULOSIS,TUBERCULOSIS,1.0
tb_00112.png,TUBERCULOSIS,TUBERCULOSIS,1.0
tb_00113.png,TUBERCULOSIS,TUBERCULOSIS,1.0
tb_00114.png,TUBERCULOSIS,TUBERCULOSIS,1.0
tb_00115.png,TUBERCULOSIS,TUBERCULOSIS,1.0
tb_00116.png,TUBERCULOSIS,TUBERCULOSIS,1.0
tb_00117.png,TUBERCULOSIS,TUBERCULOSIS,1.0
tb_00118.png,TUBERCULOSIS,TUBERCULOSIS,1.0
tb_00119.png,TUBERCULOSIS,TUBERCULOSIS,1.0
tb_00120.png,TUBERCULOSIS,TUBERCULOSIS,1.0
tb_00121.png,TUBERCULOSIS,TUBERCULOSIS,1.0
tb_00122.png,TUBERCULOSIS,TUBERCULOSIS,1.0
tb_00123.png,TUBERCULOSIS,TUBERCULOSIS,1.0
tb_00124.png,TUBERCULOSIS,TUBERCULOSIS,1.0
tb_00125.png,TUBERCULOSIS,TUBERCULOSIS,1.0
tb_00126.png,TUBERCULOSIS,TUBERCULOSIS,1.0
tb_00127.png,TUBERCULOSIS,TUBERCULOSIS,1.0
tb_00128.png,TUBERCULOSIS,TUBERCULOSIS,1.0
tb_00129.png,TUBERCULOSIS,TUBERCULOSIS,1.0
tb_00130.png,TUBERCULOSIS,TUBERCULOSIS,1.0
tb_00131.png,TUBERCULOSIS,TUBERCULOSIS,1.0
tb_00132.png,TUBERCULOSIS,TUBERCULOSIS,1.0
tb_00133.png,TUBERCULOSIS,TUBERCULOSIS,1.0
tb_00134.png,TUBERCULOSIS,TUBERCULOSIS,1.0
tb_00135.png,TUBERCULOSIS,TUBERCULOSIS,1.0
tb_00136.png,TUBERCULOSIS,TUBERCULOSIS,1.0
tb_00137.png,TUBERCULOSIS,TUBERCULOSIS,1.0
tb_00138.png,TUBERCULOSIS,TUBERCULOSIS,1.0
tb_00139.png,TUBERCULOSIS,TUBERCULOSIS,1.0
tb_00140.png,TUBERCULOSIS,TUBERCULOSIS,1.0
tb_00141.png,TUBERCULOSIS,TUBERCULOSIS,1.0
tb_00142.png,TUBERCULOSIS,TUBERCULOSIS,1.0
tb_00143.png,TUBERCULOSIS,TUBERCULOSIS,1.0
tb_00144.png,TUBERCULOSIS,TUBERCULOSIS,1.0
tb_00145.png,TUBERCULOSIS,TUBERCULOSIS,1.0
tb_00146.png,TUBERCULOSIS,TUBERCULOSIS,1.0
tb_00147.png,TUBERCULOSIS,TUBERCULOSIS,1.0
tb_00148.png,TUBERCULOSIS,TUBERCULOSIS,1.0
tb_00149.png,TUBERCULOSIS,TUBERCULOSIS,1.0
tb_00150.png,TUBERCULOSIS,TUBERCULOSIS,1.0
tb_00151.png,TUBERCULOSIS,TUBERCULOSIS,1.0
tb_00152.png,TUBERCULOSIS,TUBERCULOSIS,0.9899
tb_00153.png,TUBERCULOSIS,TUBERCULOSIS,1.0
tb_00154.png,TUBERCULOSIS,TUBERCULOSIS,1.0
tb_00155.png,TUBERCULOSIS,TUBERCULOSIS,1.0
tb_00156.png,TUBERCULOSIS,TUBERCULOSIS,1.0
tb_00157.png,TUBERCULOSIS,TUBERCULOSIS,1.0
tb_00158.png,TUBERCULOSIS,TUBERCULOSIS,1.0
tb_00159.png,TUBERCULOSIS,TUBERCULOSIS,1.0
tb_00160.png,TUBERCULOSIS,TUBERCULOSIS,1.0
tb_00161.png,TUBERCULOSIS,TUBERCULOSIS,1.0
tb_00162.png,TUBERCULOSIS,TUBERCULOSIS,1.0
tb_00163.png,TUBERCULOSIS,TUBERCULOSIS,1.0
tb_00164.png,TUBERCULOSIS,TUBERCULOSIS,1.0
tb_00165.png,TUBERCULOSIS,TUBERCULOSIS,1.0
tb_00166.png,TUBERCULOSIS,TUBERCULOSIS,1.0
tb_00167.png,TUBERCULOSIS,TUBERCULOSIS,1.0
tb_00168.png,TUBERCULOSIS,TUBERCULOSIS,1.0
tb_00169.png,TUBERCULOSIS,TUBERCULOSIS,1.0
tb_00170.png,TUBERCULOSIS,TUBERCULOSIS,1.0
tb_00171.png,TUBERCULOSIS,TUBERCULOSIS,1.0
tb_00172.png,TUBERCULOSIS,TUBERCULOSIS,1.0
tb_00173.png,TUBERCULOSIS,TUBERCULOSIS,1.0
tb_00174.png,TUBERCULOSIS,TUBERCULOSIS,0.9979
tb_00175.png,TUBERCULOSIS,TUBERCULOSIS,1.0
tb_00176.png,TUBERCULOSIS,TUBERCULOSIS,1.0
tb_00177.png,TUBERCULOSIS,TUBERCULOSIS,1.0
tb_00178.png,TUBERCULOSIS,TUBERCULOSIS,1.0
tb_00179.png,TUBERCULOSIS,TUBERCULOSIS,1.0
tb_00180.png,TUBERCULOSIS,TUBERCULOSIS,1.0
tb_00181.png,TUBERCULOSIS,TUBERCULOSIS,1.0
tb_00182.png,TUBERCULOSIS,TUBERCULOSIS,1.0
tb_00183.png,TUBERCULOSIS,TUBERCULOSIS,1.0
tb_00184.png,TUBERCULOSIS,TUBERCULOSIS,1.0
tb_00185.png,TUBERCULOSIS,TUBERCULOSIS,1.0
tb_00186.png,TUBERCULOSIS,TUBERCULOSIS,1.0
tb_00187.png,TUBERCULOSIS,TUBERCULOSIS,0.9998
tb_00188.png,TUBERCULOSIS,TUBERCULOSIS,0.8581
tb_00189.png,TUBERCULOSIS,TUBERCULOSIS,1.0
tb_00190.png,TUBERCULOSIS,TUBERCULOSIS,1.0
tb_00191.png,TUBERCULOSIS,TUBERCULOSIS,1.0
tb_00192.png,TUBERCULOSIS,TUBERCULOSIS,1.0
tb_00193.png,TUBERCULOSIS,TUBERCULOSIS,1.0
tb_00194.png,TUBERCULOSIS,TUBERCULOSIS,1.0
tb_00195.png,TUBERCULOSIS,TUBERCULOSIS,1.0
tb_00196.png,TUBERCULOSIS,TUBERCULOSIS,1.0
tb_00197.png,TUBERCULOSIS,TUBERCULOSIS,1.0
tb_00198.png,TUBERCULOSIS,TUBERCULOSIS,1.0
tb_00199.png,TUBERCULOSIS,TUBERCULOSIS,1.0
tb_00200.png,TUBERCULOSIS,TUBERCULOSIS,1.0
tb_00201.png,TUBERCULOSIS,TUBERCULOSIS,1.0
tb_00202.png,TUBERCULOSIS,TUBERCULOSIS,1.0
tb_00203.png,TUBERCULOSIS,TUBERCULOSIS,1.0
tb_00204.png,TUBERCULOSIS,TUBERCULOSIS,1.0
tb_00205.png,TUBERCULOSIS,TUBERCULOSIS,0.9951
tb_00206.png,TUBERCULOSIS,TUBERCULOSIS,1.0
tb_00207.png,TUBERCULOSIS,TUBERCULOSIS,1.0
tb_00208.png,TUBERCULOSIS,TUBERCULOSIS,1.0
tb_00209.png,TUBERCULOSIS,TUBERCULOSIS,1.0
tb_00210.png,TUBERCULOSIS,TUBERCULOSIS,1.0
tb_00211.png,TUBERCULOSIS,TUBERCULOSIS,1.0
tb_00212.png,TUBERCULOSIS,TUBERCULOSIS,1.0
tb_00213.png,TUBERCULOSIS,TUBERCULOSIS,1.0
tb_00214.png,TUBERCULOSIS,TUBERCULOSIS,1.0
tb_00215.png,TUBERCULOSIS,TUBERCULOSIS,1.0
tb_00216.png,TUBERCULOSIS,TUBERCULOSIS,1.0
tb_00217.png,TUBERCULOSIS,TUBERCULOSIS,1.0
tb_00218.png,TUBERCULOSIS,TUBERCULOSIS,1.0
tb_00219.png,TUBERCULOSIS,TUBERCULOSIS,1.0
tb_00220.png,TUBERCULOSIS,TUBERCULOSIS,1.0
tb_00221.png,TUBERCULOSIS,TUBERCULOSIS,1.0
tb_00222.png,TUBERCULOSIS,TUBERCULOSIS,1.0
tb_00223.png,TUBERCULOSIS,TUBERCULOSIS,1.0
tb_00224.png,TUBERCULOSIS,TUBERCULOSIS,1.0
tb_00225.png,TUBERCULOSIS,TUBERCULOSIS,1.0
tb_00226.png,TUBERCULOSIS,TUBERCULOSIS,1.0
tb_00227.png,TUBERCULOSIS,TUBERCULOSIS,1.0
tb_00228.png,TUBERCULOSIS,TUBERCULOSIS,1.0
tb_00229.png,TUBERCULOSIS,TUBERCULOSIS,1.0
tb_00230.png,TUBERCULOSIS,TUBERCULOSIS,1.0
tb_00231.png,TUBERCULOSIS,TUBERCULOSIS,1.0
tb_00232.png,TUBERCULOSIS,TUBERCULOSIS,0.991
tb_00233.png,TUBERCULOSIS,TUBERCULOSIS,1.0
tb_00234.png,TUBERCULOSIS,TUBERCULOSIS,1.0
tb_00235.png,TUBERCULOSIS,TUBERCULOSIS,1.0
tb_00236.png,TUBERCULOSIS,TUBERCULOSIS,1.0
tb_00237.png,TUBERCULOSIS,TUBERCULOSIS,1.0
tb_00238.png,TUBERCULOSIS,TUBERCULOSIS,1.0
tb_00239.png,TUBERCULOSIS,TUBERCULOSIS,1.0
tb_00240.png,TUBERCULOSIS,TUBERCULOSIS,1.0
tb_00241.png,TUBERCULOSIS,TUBERCULOSIS,1.0
tb_00242.png,TUBERCULOSIS,TUBERCULOSIS,1.0
tb_00243.png,TUBERCULOSIS,TUBERCULOSIS,1.0
tb_00244.png,TUBERCULOSIS,TUBERCULOSIS,1.0
tb_00245.png,TUBERCULOSIS,TUBERCULOSIS,1.0
tb_00246.png,TUBERCULOSIS,TUBERCULOSIS,1.0
tb_00247.png,TUBERCULOSIS,TUBERCULOSIS,1.0
tb_00248.png,TUBERCULOSIS,TUBERCULOSIS,1.0
tb_00249.png,TUBERCULOSIS,TUBERCULOSIS,1.0
tb_00250.png,TUBERCULOSIS,TUBERCULOSIS,1.0
tb_00251.png,TUBERCULOSIS,TUBERCULOSIS,1.0
tb_00252.png,TUBERCULOSIS,TUBERCULOSIS,1.0
tb_00253.png,TUBERCULOSIS,TUBERCULOSIS,1.0
tb_00254.png,TUBERCULOSIS,TUBERCULOSIS,1.0
tb_00255.png,TUBERCULOSIS,TUBERCULOSIS,1.0
tb_00256.png,TUBERCULOSIS,TUBERCULOSIS,1.0
tb_00257.png,TUBERCULOSIS,TUBERCULOSIS,1.0
tb_00258.png,TUBERCULOSIS,TUBERCULOSIS,1.0
tb_00259.png,TUBERCULOSIS,TUBERCULOSIS,1.0
tb_00260.png,TUBERCULOSIS,TUBERCULOSIS,1.0
tb_00261.png,TUBERCULOSIS,TUBERCULOSIS,1.0
tb_00262.png,TUBERCULOSIS,TUBERCULOSIS,1.0
tb_00263.png,TUBERCULOSIS,TUBERCULOSIS,1.0
tb_00264.png,TUBERCULOSIS,TUBERCULOSIS,1.0
tb_00265.png,TUBERCULOSIS,TUBERCULOSIS,1.0
tb_00266.png,TUBERCULOSIS,TUBERCULOSIS,1.0
tb_00267.png,TUBERCULOSIS,TUBERCULOSIS,1.0
tb_00268.png,TUBERCULOSIS,TUBERCULOSIS,1.0
tb_00269.png,TUBERCULOSIS,TUBERCULOSIS,1.0
tb_00270.png,TUBERCULOSIS,TUBERCULOSIS,1.0
tb_00271.png,TUBERCULOSIS,TUBERCULOSIS,1.0
tb_00272.png,TUBERCULOSIS,TUBERCULOSIS,1.0
tb_00273.png,TUBERCULOSIS,TUBERCULOSIS,1.0
tb_00274.png,TUBERCULOSIS,TUBERCULOSIS,1.0
tb_00275.png,TUBERCULOSIS,TUBERCULOSIS,1.0
tb_00276.png,TUBERCULOSIS,TUBERCULOSIS,1.0
tb_00277.png,TUBERCULOSIS,TUBERCULOSIS,1.0
tb_00278.png,TUBERCULOSIS,TUBERCULOSIS,1.0
tb_00279.png,TUBERCULOSIS,TUBERCULOSIS,1.0
tb_00280.png,TUBERCULOSIS,TUBERCULOSIS,1.0
tb_00281.png,TUBERCULOSIS,TUBERCULOSIS,1.0
tb_00282.png,TUBERCULOSIS,TUBERCULOSIS,1.0
tb_00283.png,TUBERCULOSIS,TUBERCULOSIS,1.0
tb_00284.png,TUBERCULOSIS,TUBERCULOSIS,1.0
tb_00285.png,TUBERCULOSIS,TUBERCULOSIS,1.0
tb_00286.png,TUBERCULOSIS,TUBERCULOSIS,1.0
tb_00287.png,TUBERCULOSIS,TUBERCULOSIS,1.0
tb_00288.png,TUBERCULOSIS,TUBERCULOSIS,1.0
tb_00289.png,TUBERCULOSIS,TUBERCULOSIS,1.0
tb_00290.png,TUBERCULOSIS,TUBERCULOSIS,1.0
tb_00291.png,TUBERCULOSIS,TUBERCULOSIS,1.0
tb_00292.png,TUBERCULOSIS,TUBERCULOSIS,1.0
tb_00293.png,TUBERCULOSIS,TUBERCULOSIS,1.0
tb_00294.png,TUBERCULOSIS,TUBERCULOSIS,1.0
tb_00295.png,TUBERCULOSIS,TUBERCULOSIS,1.0
tb_00296.png,TUBERCULOSIS,TUBERCULOSIS,1.0
tb_00297.png,TUBERCULOSIS,TUBERCULOSIS,1.0
tb_00298.png,TUBERCULOSIS,TUBERCULOSIS,1.0
tb_00299.png,TUBERCULOSIS,TUBERCULOSIS,1.0
tb_00300.png,TUBERCULOSIS,TUBERCULOSIS,1.0
tb_00301.png,TUBERCULOSIS,TUBERCULOSIS,1.0
tb_00302.png,TUBERCULOSIS,TUBERCULOSIS,1.0
tb_00303.png,TUBERCULOSIS,TUBERCULOSIS,1.0
tb_00304.png,TUBERCULOSIS,TUBERCULOSIS,1.0
tb_00305.png,TUBERCULOSIS,TUBERCULOSIS,1.0
tb_00306.png,TUBERCULOSIS,TUBERCULOSIS,1.0
tb_00307.png,TUBERCULOSIS,TUBERCULOSIS,1.0
tb_00308.png,TUBERCULOSIS,TUBERCULOSIS,1.0
tb_00309.png,TUBERCULOSIS,TUBERCULOSIS,1.0
tb_00310.png,TUBERCULOSIS,TUBERCULOSIS,1.0
tb_00311.png,TUBERCULOSIS,TUBERCULOSIS,1.0
tb_00312.png,TUBERCULOSIS,TUBERCULOSIS,1.0
tb_00313.png,TUBERCULOSIS,TUBERCULOSIS,1.0
tb_00314.png,TUBERCULOSIS,TUBERCULOSIS,1.0
tb_00315.png,TUBERCULOSIS,TUBERCULOSIS,1.0
tb_00316.png,TUBERCULOSIS,TUBERCULOSIS,1.0
tb_00317.png,TUBERCULOSIS,TUBERCULOSIS,1.0
tb_00318.png,TUBERCULOSIS,TUBERCULOSIS,1.0
tb_00319.png,TUBERCULOSIS,TUBERCULOSIS,1.0
tb_00320.png,TUBERCULOSIS,TUBERCULOSIS,1.0
tb_00321.png,TUBERCULOSIS,TUBERCULOSIS,1.0
tb_00322.png,TUBERCULOSIS,TUBERCULOSIS,1.0
tb_00323.png,TUBERCULOSIS,TUBERCULOSIS,0.9971
tb_00324.png,TUBERCULOSIS,TUBERCULOSIS,1.0
tb_00325.png,TUBERCULOSIS,TUBERCULOSIS,1.0
tb_00326.png,TUBERCULOSIS,TUBERCULOSIS,1.0
tb_00327.png,TUBERCULOSIS,TUBERCULOSIS,1.0
tb_00328.png,TUBERCULOSIS,TUBERCULOSIS,0.9998
tb_00329.png,TUBERCULOSIS,TUBERCULOSIS,1.0
tb_00330.png,TUBERCULOSIS,TUBERCULOSIS,1.0
tb_00331.png,TUBERCULOSIS,TUBERCULOSIS,1.0
tb_00332.png,TUBERCULOSIS,TUBERCULOSIS,1.0
tb_00333.png,TUBERCULOSIS,TUBERCULOSIS,1.0
tb_00334.png,TUBERCULOSIS,TUBERCULOSIS,1.0
tb_00335.png,TUBERCULOSIS,TUBERCULOSIS,1.0
tb_00336.png,TUBERCULOSIS,TUBERCULOSIS,1.0
tb_00337.png,TUBERCULOSIS,TUBERCULOSIS,1.0
tb_00338.png,TUBERCULOSIS,TUBERCULOSIS,1.0
tb_00339.png,TUBERCULOSIS,TUBERCULOSIS,1.0
tb_00340.png,TUBERCULOSIS,TUBERCULOSIS,1.0
tb_00341.png,TUBERCULOSIS,TUBERCULOSIS,1.0
tb_00342.png,TUBERCULOSIS,TUBERCULOSIS,1.0
tb_00343.png,TUBERCULOSIS,TUBERCULOSIS,1.0
tb_00344.png,TUBERCULOSIS,TUBERCULOSIS,1.0
tb_00345.png,TUBERCULOSIS,TUBERCULOSIS,1.0
tb_00346.png,TUBERCULOSIS,TUBERCULOSIS,1.0
tb_00347.png,TUBERCULOSIS,TUBERCULOSIS,1.0
tb_00348.png,TUBERCULOSIS,NORMAL,0.824
tb_00349.png,TUBERCULOSIS,TUBERCULOSIS,1.0
tb_00350.png,TUBERCULOSIS,TUBERCULOSIS,1.0
tb_00351.png,TUBERCULOSIS,TUBERCULOSIS,1.0
tb_00352.png,TUBERCULOSIS,TUBERCULOSIS,1.0
tb_00353.png,TUBERCULOSIS,TUBERCULOSIS,0.9977
tb_00354.png,TUBERCULOSIS,TUBERCULOSIS,1.0
tb_00355.png,TUBERCULOSIS,TUBERCULOSIS,1.0
tb_00356.png,TUBERCULOSIS,TUBERCULOSIS,1.0
tb_00357.png,TUBERCULOSIS,TUBERCULOSIS,1.0
tb_00358.png,TUBERCULOSIS,TUBERCULOSIS,1.0
tb_00359.png,TUBERCULOSIS,TUBERCULOSIS,1.0
tb_00360.png,TUBERCULOSIS,TUBERCULOSIS,0.6188
tb_00361.png,TUBERCULOSIS,TUBERCULOSIS,1.0
tb_00362.png,TUBERCULOSIS,TUBERCULOSIS,1.0
tb_00363.png,TUBERCULOSIS,TUBERCULOSIS,0.9999
tb_00364.png,TUBERCULOSIS,TUBERCULOSIS,1.0
tb_00365.png,TUBERCULOSIS,TUBERCULOSIS,1.0
tb_00366.png,TUBERCULOSIS,TUBERCULOSIS,1.0
tb_00367.png,TUBERCULOSIS,TUBERCULOSIS,1.0
tb_00368.png,TUBERCULOSIS,TUBERCULOSIS,1.0
tb_00369.png,TUBERCULOSIS,TUBERCULOSIS,1.0
tb_00370.png,TUBERCULOSIS,TUBERCULOSIS,1.0
tb_00371.png,TUBERCULOSIS,TUBERCULOSIS,1.0
tb_00372.png,TUBERCULOSIS,TUBERCULOSIS,1.0
tb_00373.png,TUBERCULOSIS,TUBERCULOSIS,1.0
tb_00374.png,TUBERCULOSIS,TUBERCULOSIS,1.0
tb_00375.png,TUBERCULOSIS,NORMAL,0.7434
tb_00376.png,TUBERCULOSIS,TUBERCULOSIS,1.0
tb_00377.png,TUBERCULOSIS,TUBERCULOSIS,1.0
tb_00378.png,TUBERCULOSIS,TUBERCULOSIS,0.9998
tb_00379.png,TUBERCULOSIS,TUBERCULOSIS,1.0
tb_00380.png,TUBERCULOSIS,TUBERCULOSIS,1.0
tb_00381.png,TUBERCULOSIS,TUBERCULOSIS,1.0
tb_00382.png,TUBERCULOSIS,TUBERCULOSIS,1.0
tb_00383.png,TUBERCULOSIS,TUBERCULOSIS,1.0
tb_00384.png,TUBERCULOSIS,TUBERCULOSIS,1.0
tb_00385.png,TUBERCULOSIS,TUBERCULOSIS,1.0
tb_00386.png,TUBERCULOSIS,TUBERCULOSIS,1.0
tb_00387.png,TUBERCULOSIS,TUBERCULOSIS,1.0
tb_00388.png,TUBERCULOSIS,TUBERCULOSIS,1.0
tb_00389.png,TUBERCULOSIS,TUBERCULOSIS,1.0
tb_00390.png,TUBERCULOSIS,TUBERCULOSIS,1.0
tb_00391.png,TUBERCULOSIS,TUBERCULOSIS,1.0
tb_00392.png,TUBERCULOSIS,TUBERCULOSIS,1.0
tb_00393.png,TUBERCULOSIS,TUBERCULOSIS,1.0
tb_00394.png,TUBERCULOSIS,TUBERCULOSIS,1.0
tb_00395.png,TUBERCULOSIS,TUBERCULOSIS,1.0
tb_00396.png,TUBERCULOSIS,TUBERCULOSIS,1.0
tb_00397.png,TUBERCULOSIS,TUBERCULOSIS,1.0
tb_00398.png,TUBERCULOSIS,TUBERCULOSIS,1.0
tb_00399.png,TUBERCULOSIS,TUBERCULOSIS,1.0
tb_00400.png,TUBERCULOSIS,TUBERCULOSIS,1.0
tb_00401.png,TUBERCULOSIS,TUBERCULOSIS,1.0
tb_00402.png,TUBERCULOSIS,TUBERCULOSIS,1.0
tb_00403.png,TUBERCULOSIS,TUBERCULOSIS,1.0
tb_00404.png,TUBERCULOSIS,TUBERCULOSIS,1.0
tb_00405.png,TUBERCULOSIS,TUBERCULOSIS,1.0
tb_00406.png,TUBERCULOSIS,TUBERCULOSIS,1.0
tb_00407.png,TUBERCULOSIS,TUBERCULOSIS,1.0
tb_00408.png,TUBERCULOSIS,TUBERCULOSIS,1.0
tb_00409.png,TUBERCULOSIS,TUBERCULOSIS,1.0
tb_00410.png,TUBERCULOSIS,TUBERCULOSIS,1.0
tb_00411.png,TUBERCULOSIS,TUBERCULOSIS,1.0
tb_00412.png,TUBERCULOSIS,TUBERCULOSIS,1.0
tb_00413.png,TUBERCULOSIS,TUBERCULOSIS,1.0
tb_00414.png,TUBERCULOSIS,TUBERCULOSIS,1.0
tb_00415.png,TUBERCULOSIS,TUBERCULOSIS,1.0
tb_00416.png,TUBERCULOSIS,TUBERCULOSIS,1.0
tb_00417.png,TUBERCULOSIS,TUBERCULOSIS,1.0
tb_00418.png,TUBERCULOSIS,TUBERCULOSIS,1.0
tb_00419.png,TUBERCULOSIS,TUBERCULOSIS,1.0
tb_00420.png,TUBERCULOSIS,TUBERCULOSIS,1.0
tb_00421.png,TUBERCULOSIS,TUBERCULOSIS,1.0
tb_00422.png,TUBERCULOSIS,TUBERCULOSIS,1.0
tb_00423.png,TUBERCULOSIS,TUBERCULOSIS,1.0
tb_00424.png,TUBERCULOSIS,TUBERCULOSIS,1.0
tb_00425.png,TUBERCULOSIS,TUBERCULOSIS,1.0
tb_00426.png,TUBERCULOSIS,TUBERCULOSIS,1.0
tb_00427.png,TUBERCULOSIS,TUBERCULOSIS,1.0
tb_00428.png,TUBERCULOSIS,TUBERCULOSIS,1.0
tb_00429.png,TUBERCULOSIS,TUBERCULOSIS,1.0
tb_00430.png,TUBERCULOSIS,TUBERCULOSIS,1.0
tb_00431.png,TUBERCULOSIS,TUBERCULOSIS,1.0
tb_00432.png,TUBERCULOSIS,TUBERCULOSIS,1.0
tb_00433.png,TUBERCULOSIS,TUBERCULOSIS,1.0
tb_00434.png,TUBERCULOSIS,TUBERCULOSIS,1.0
tb_00435.png,TUBERCULOSIS,TUBERCULOSIS,1.0
tb_00436.png,TUBERCULOSIS,TUBERCULOSIS,1.0
tb_00437.png,TUBERCULOSIS,TUBERCULOSIS,1.0
tb_00438.png,TUBERCULOSIS,TUBERCULOSIS,1.0
tb_00439.png,TUBERCULOSIS,TUBERCULOSIS,1.0
tb_00440.png,TUBERCULOSIS,TUBERCULOSIS,1.0
tb_00441.png,TUBERCULOSIS,TUBERCULOSIS,1.0
tb_00442.png,TUBERCULOSIS,TUBERCULOSIS,1.0
tb_00443.png,TUBERCULOSIS,TUBERCULOSIS,1.0
tb_00444.png,TUBERCULOSIS,TUBERCULOSIS,1.0
tb_00445.png,TUBERCULOSIS,TUBERCULOSIS,1.0
tb_00446.png,TUBERCULOSIS,TUBERCULOSIS,1.0
tb_00447.png,TUBERCULOSIS,TUBERCULOSIS,1.0
tb_00448.png,TUBERCULOSIS,TUBERCULOSIS,1.0
tb_00449.png,TUBERCULOSIS,TUBERCULOSIS,1.0
tb_00450.png,TUBERCULOSIS,TUBERCULOSIS,1.0
tb_00451.png,TUBERCULOSIS,TUBERCULOSIS,1.0
tb_00452.png,TUBERCULOSIS,TUBERCULOSIS,1.0
tb_00453.png,TUBERCULOSIS,TUBERCULOSIS,1.0
tb_00454.png,TUBERCULOSIS,TUBERCULOSIS,1.0
tb_00455.png,TUBERCULOSIS,TUBERCULOSIS,1.0
tb_00456.png,TUBERCULOSIS,TUBERCULOSIS,1.0
tb_00457.png,TUBERCULOSIS,TUBERCULOSIS,1.0
tb_00458.png,TUBERCULOSIS,TUBERCULOSIS,1.0
tb_00459.png,TUBERCULOSIS,TUBERCULOSIS,1.0
tb_00460.png,TUBERCULOSIS,TUBERCULOSIS,1.0
tb_00461.png,TUBERCULOSIS,TUBERCULOSIS,1.0
tb_00462.png,TUBERCULOSIS,TUBERCULOSIS,1.0
tb_00463.png,TUBERCULOSIS,TUBERCULOSIS,1.0
tb_00464.png,TUBERCULOSIS,TUBERCULOSIS,1.0
tb_00465.png,TUBERCULOSIS,TUBERCULOSIS,1.0
tb_00466.png,TUBERCULOSIS,TUBERCULOSIS,1.0
tb_00467.png,TUBERCULOSIS,TUBERCULOSIS,1.0
tb_00468.png,TUBERCULOSIS,TUBERCULOSIS,1.0
tb_00469.png,TUBERCULOSIS,TUBERCULOSIS,1.0
tb_00470.png,TUBERCULOSIS,TUBERCULOSIS,1.0
tb_00471.png,TUBERCULOSIS,TUBERCULOSIS,1.0
tb_00472.png,TUBERCULOSIS,TUBERCULOSIS,1.0
tb_00473.png,TUBERCULOSIS,TUBERCULOSIS,1.0
tb_00474.png,TUBERCULOSIS,TUBERCULOSIS,1.0
tb_00475.png,TUBERCULOSIS,TUBERCULOSIS,1.0
tb_00476.png,TUBERCULOSIS,TUBERCULOSIS,1.0
tb_00477.png,TUBERCULOSIS,TUBERCULOSIS,1.0
tb_00478.png,TUBERCULOSIS,TUBERCULOSIS,1.0
tb_00479.png,TUBERCULOSIS,TUBERCULOSIS,1.0
tb_00480.png,TUBERCULOSIS,TUBERCULOSIS,1.0
tb_00481.png,TUBERCULOSIS,TUBERCULOSIS,1.0
tb_00482.png,TUBERCULOSIS,TUBERCULOSIS,1.0
tb_00483.png,TUBERCULOSIS,TUBERCULOSIS,1.0
tb_00484.png,TUBERCULOSIS,TUBERCULOSIS,1.0
tb_00485.png,TUBERCULOSIS,TUBERCULOSIS,1.0
tb_00486.png,TUBERCULOSIS,TUBERCULOSIS,1.0
tb_00487.png,TUBERCULOSIS,TUBERCULOSIS,1.0
tb_00488.png,TUBERCULOSIS,TUBERCULOSIS,1.0
tb_00489.png,TUBERCULOSIS,TUBERCULOSIS,1.0
tb_00490.png,TUBERCULOSIS,TUBERCULOSIS,1.0
tb_00491.png,TUBERCULOSIS,TUBERCULOSIS,1.0
tb_00492.png,TUBERCULOSIS,TUBERCULOSIS,1.0
tb_00493.png,TUBERCULOSIS,TUBERCULOSIS,1.0
tb_00494.png,TUBERCULOSIS,TUBERCULOSIS,1.0
tb_00495.png,TUBERCULOSIS,TUBERCULOSIS,1.0
tb_00496.png,TUBERCULOSIS,TUBERCULOSIS,1.0
tb_00497.png,TUBERCULOSIS,TUBERCULOSIS,1.0
tb_00498.png,TUBERCULOSIS,TUBERCULOSIS,1.0
tb_00499.png,TUBERCULOSIS,TUBERCULOSIS,1.0
tb_00500.png,TUBERCULOSIS,TUBERCULOSIS,1.0
tb_00501.png,TUBERCULOSIS,TUBERCULOSIS,1.0
tb_00502.png,TUBERCULOSIS,TUBERCULOSIS,1.0
tb_00503.png,TUBERCULOSIS,TUBERCULOSIS,1.0
tb_00504.png,TUBERCULOSIS,TUBERCULOSIS,1.0
tb_00505.png,TUBERCULOSIS,TUBERCULOSIS,1.0
tb_00506.png,TUBERCULOSIS,TUBERCULOSIS,1.0
tb_00507.png,TUBERCULOSIS,TUBERCULOSIS,1.0
tb_00508.png,TUBERCULOSIS,TUBERCULOSIS,1.0
tb_00509.png,TUBERCULOSIS,TUBERCULOSIS,1.0
tb_00510.png,TUBERCULOSIS,TUBERCULOSIS,1.0
tb_00511.png,TUBERCULOSIS,TUBERCULOSIS,1.0
tb_00512.png,TUBERCULOSIS,TUBERCULOSIS,1.0
tb_00513.png,TUBERCULOSIS,TUBERCULOSIS,1.0
tb_00514.png,TUBERCULOSIS,TUBERCULOSIS,1.0
tb_00515.png,TUBERCULOSIS,TUBERCULOSIS,1.0
tb_00516.png,TUBERCULOSIS,TUBERCULOSIS,1.0
tb_00517.png,TUBERCULOSIS,TUBERCULOSIS,1.0
tb_00518.png,TUBERCULOSIS,TUBERCULOSIS,1.0
tb_00519.png,TUBERCULOSIS,TUBERCULOSIS,1.0
tb_00520.png,TUBERCULOSIS,TUBERCULOSIS,1.0
tb_00521.png,TUBERCULOSIS,TUBERCULOSIS,1.0
tb_00522.png,TUBERCULOSIS,TUBERCULOSIS,1.0
tb_00523.png,TUBERCULOSIS,TUBERCULOSIS,1.0
tb_00524.png,TUBERCULOSIS,TUBERCULOSIS,1.0
tb_00525.png,TUBERCULOSIS,TUBERCULOSIS,1.0
tb_00526.png,TUBERCULOSIS,TUBERCULOSIS,1.0
tb_00527.png,TUBERCULOSIS,TUBERCULOSIS,1.0
tb_00528.png,TUBERCULOSIS,TUBERCULOSIS,1.0
tb_00529.png,TUBERCULOSIS,TUBERCULOSIS,1.0
tb_00530.png,TUBERCULOSIS,TUBERCULOSIS,1.0
tb_00531.png,TUBERCULOSIS,TUBERCULOSIS,1.0
tb_00532.png,TUBERCULOSIS,TUBERCULOSIS,1.0
tb_00533.png,TUBERCULOSIS,TUBERCULOSIS,1.0
tb_00534.png,TUBERCULOSIS,TUBERCULOSIS,1.0
tb_00535.png,TUBERCULOSIS,TUBERCULOSIS,1.0
tb_00536.png,TUBERCULOSIS,TUBERCULOSIS,1.0
tb_00537.png,TUBERCULOSIS,TUBERCULOSIS,1.0
tb_00538.png,TUBERCULOSIS,TUBERCULOSIS,1.0
tb_00539.png,TUBERCULOSIS,TUBERCULOSIS,1.0
tb_00540.png,TUBERCULOSIS,TUBERCULOSIS,1.0
tb_00541.png,TUBERCULOSIS,TUBERCULOSIS,1.0
tb_00542.png,TUBERCULOSIS,TUBERCULOSIS,1.0
tb_00543.png,TUBERCULOSIS,TUBERCULOSIS,1.0
tb_00544.png,TUBERCULOSIS,TUBERCULOSIS,0.7813
tb_00545.png,TUBERCULOSIS,TUBERCULOSIS,1.0
tb_00546.png,TUBERCULOSIS,TUBERCULOSIS,1.0
tb_00547.png,TUBERCULOSIS,TUBERCULOSIS,1.0
tb_00548.png,TUBERCULOSIS,TUBERCULOSIS,1.0
tb_00549.png,TUBERCULOSIS,TUBERCULOSIS,1.0
tb_00550.png,TUBERCULOSIS,TUBERCULOSIS,1.0
tb_00551.png,TUBERCULOSIS,TUBERCULOSIS,1.0
tb_00552.png,TUBERCULOSIS,TUBERCULOSIS,1.0
tb_00553.png,TUBERCULOSIS,TUBERCULOSIS,1.0
tb_00554.png,TUBERCULOSIS,TUBERCULOSIS,1.0
tb_00555.png,TUBERCULOSIS,TUBERCULOSIS,1.0
