ssim,class_1,file_name_1,file_path_1,class_2,file_name_2,file_path_2
0.9733966,normal,h1832.png,G:\Ai-CDD\updated_class_tb_dataset\TBX11K\imgs\health\h1832.png,normal,h3348.png,G:\Ai-CDD\updated_class_tb_dataset\TBX11K\imgs\health\h3348.png
1.0,sick,s0009.png,G:\Ai-CDD\updated_class_tb_dataset\TBX11K\imgs\sick\s0009.png,sick,s3576.png,G:\Ai-CDD\updated_class_tb_dataset\TBX11K\imgs\sick\s3576.png
1.0,sick,s0021.png,G:\Ai-CDD\updated_class_tb_dataset\TBX11K\imgs\sick\s0021.png,sick,s0740.png,G:\Ai-CDD\updated_class_tb_dataset\TBX11K\imgs\sick\s0740.png
1.0,sick,s0045.png,G:\Ai-CDD\updated_class_tb_dataset\TBX11K\imgs\sick\s0045.png,sick,s4496.png,G:\Ai-CDD\updated_class_tb_dataset\TBX11K\imgs\sick\s4496.png
1.0,sick,s0055.png,G:\Ai-CDD\updated_class_tb_dataset\TBX11K\imgs\sick\s0055.png,sick,s0480.png,G:\Ai-CDD\updated_class_tb_dataset\TBX11K\imgs\sick\s0480.png
1.0,sick,s0070.png,G:\Ai-CDD\updated_class_tb_dataset\TBX11K\imgs\sick\s0070.png,sick,s1016.png,G:\Ai-CDD\updated_class_tb_dataset\TBX11K\imgs\sick\s1016.png
1.0,sick,s0081.png,G:\Ai-CDD\updated_class_tb_dataset\TBX11K\imgs\sick\s0081.png,sick,s0398.png,G:\Ai-CDD\updated_class_tb_dataset\TBX11K\imgs\sick\s0398.png
1.0,sick,s0099.png,G:\Ai-CDD\updated_class_tb_dataset\TBX11K\imgs\sick\s0099.png,sick,s4529.png,G:\Ai-CDD\updated_class_tb_dataset\TBX11K\imgs\sick\s4529.png
1.0,sick,s0109.png,G:\Ai-CDD\updated_class_tb_dataset\TBX11K\imgs\sick\s0109.png,sick,s3378.png,G:\Ai-CDD\updated_class_tb_dataset\TBX11K\imgs\sick\s3378.png
1.0,sick,s0135.png,G:\Ai-CDD\updated_class_tb_dataset\TBX11K\imgs\sick\s0135.png,sick,s1765.png,G:\Ai-CDD\updated_class_tb_dataset\TBX11K\imgs\sick\s1765.png
0.99955034,sick,s0138.png,G:\Ai-CDD\updated_class_tb_dataset\TBX11K\imgs\sick\s0138.png,sick,s2287.png,G:\Ai-CDD\updated_class_tb_dataset\TBX11K\imgs\sick\s2287.png
0.9998322,sick,s0160.png,G:\Ai-CDD\updated_class_tb_dataset\TBX11K\imgs\sick\s0160.png,sick,s0632.png,G:\Ai-CDD\updated_class_tb_dataset\TBX11K\imgs\sick\s0632.png
1.0,sick,s0166.png,G:\Ai-CDD\updated_class_tb_dataset\TBX11K\imgs\sick\s0166.png,sick,s0215.png,G:\Ai-CDD\updated_class_tb_dataset\TBX11K\imgs\sick\s0215.png
1.0,sick,s0179.png,G:\Ai-CDD\updated_class_tb_dataset\TBX11K\imgs\sick\s0179.png,sick,s2760.png,G:\Ai-CDD\updated_class_tb_dataset\TBX11K\imgs\sick\s2760.png
0.9999461,sick,s0195.png,G:\Ai-CDD\updated_class_tb_dataset\TBX11K\imgs\sick\s0195.png,sick,s0759.png,G:\Ai-CDD\updated_class_tb_dataset\TBX11K\imgs\sick\s0759.png
1.0,sick,s0199.png,G:\Ai-CDD\updated_class_tb_dataset\TBX11K\imgs\sick\s0199.png,sick,s2193.png,G:\Ai-CDD\updated_class_tb_dataset\TBX11K\imgs\sick\s2193.png
1.0,sick,s0214.png,G:\Ai-CDD\updated_class_tb_dataset\TBX11K\imgs\sick\s0214.png,sick,s1066.png,G:\Ai-CDD\updated_class_tb_dataset\TBX11K\imgs\sick\s1066.png
0.99999344,sick,s0228.png,G:\Ai-CDD\updated_class_tb_dataset\TBX11K\imgs\sick\s0228.png,sick,s0707.png,G:\Ai-CDD\updated_class_tb_dataset\TBX11K\imgs\sick\s0707.png
1.0,sick,s0243.png,G:\Ai-CDD\updated_class_tb_dataset\TBX11K\imgs\sick\s0243.png,sick,s0278.png,G:\Ai-CDD\updated_class_tb_dataset\TBX11K\imgs\sick\s0278.png
0.9962704,sick,s0256.png,G:\Ai-CDD\updated_class_tb_dataset\TBX11K\imgs\sick\s0256.png,sick,s2194.png,G:\Ai-CDD\updated_class_tb_dataset\TBX11K\imgs\sick\s2194.png
1.0,sick,s0259.png,G:\Ai-CDD\updated_class_tb_dataset\TBX11K\imgs\sick\s0259.png,sick,s4003.png,G:\Ai-CDD\updated_class_tb_dataset\TBX11K\imgs\sick\s4003.png
1.0,sick,s0268.png,G:\Ai-CDD\updated_class_tb_dataset\TBX11K\imgs\sick\s0268.png,sick,s3270.png,G:\Ai-CDD\updated_class_tb_dataset\TBX11K\imgs\sick\s3270.png
1.0,sick,s0270.png,G:\Ai-CDD\updated_class_tb_dataset\TBX11K\imgs\sick\s0270.png,sick,s4019.png,G:\Ai-CDD\updated_class_tb_dataset\TBX11K\imgs\sick\s4019.png
0.9994223,sick,s0274.png,G:\Ai-CDD\updated_class_tb_dataset\TBX11K\imgs\sick\s0274.png,sick,s3255.png,G:\Ai-CDD\updated_class_tb_dataset\TBX11K\imgs\sick\s3255.png
1.0,sick,s0290.png,G:\Ai-CDD\updated_class_tb_dataset\TBX11K\imgs\sick\s0290.png,sick,s4856.png,G:\Ai-CDD\updated_class_tb_dataset\TBX11K\imgs\sick\s4856.png
1.0,sick,s0296.png,G:\Ai-CDD\updated_class_tb_dataset\TBX11K\imgs\sick\s0296.png,sick,s3741.png,G:\Ai-CDD\updated_class_tb_dataset\TBX11K\imgs\sick\s3741.png
1.0,sick,s0311.png,G:\Ai-CDD\updated_class_tb_dataset\TBX11K\imgs\sick\s0311.png,sick,s2953.png,G:\Ai-CDD\updated_class_tb_dataset\TBX11K\imgs\sick\s2953.png
1.0,sick,s0330.png,G:\Ai-CDD\updated_class_tb_dataset\TBX11K\imgs\sick\s0330.png,sick,s4015.png,G:\Ai-CDD\updated_class_tb_dataset\TBX11K\imgs\sick\s4015.png
0.99216455,sick,s0369.png,G:\Ai-CDD\updated_class_tb_dataset\TBX11K\imgs\sick\s0369.png,sick,s0715.png,G:\Ai-CDD\updated_class_tb_dataset\TBX11K\imgs\sick\s0715.png
1.0,sick,s0406.png,G:\Ai-CDD\updated_class_tb_dataset\TBX11K\imgs\sick\s0406.png,sick,s2415.png,G:\Ai-CDD\updated_class_tb_dataset\TBX11K\imgs\sick\s2415.png
1.0,sick,s0448.png,G:\Ai-CDD\updated_class_tb_dataset\TBX11K\imgs\sick\s0448.png,sick,s2542.png,G:\Ai-CDD\updated_class_tb_dataset\TBX11K\imgs\sick\s2542.png
1.0,sick,s0450.png,G:\Ai-CDD\updated_class_tb_dataset\TBX11K\imgs\sick\s0450.png,sick,s1770.png,G:\Ai-CDD\updated_class_tb_dataset\TBX11K\imgs\sick\s1770.png
1.0,sick,s0467.png,G:\Ai-CDD\updated_class_tb_dataset\TBX11K\imgs\sick\s0467.png,sick,s0935.png,G:\Ai-CDD\updated_class_tb_dataset\TBX11K\imgs\sick\s0935.png
0.9999984,sick,s0491.png,G:\Ai-CDD\updated_class_tb_dataset\TBX11K\imgs\sick\s0491.png,sick,s3479.png,G:\Ai-CDD\updated_class_tb_dataset\TBX11K\imgs\sick\s3479.png
1.0,sick,s0494.png,G:\Ai-CDD\updated_class_tb_dataset\TBX11K\imgs\sick\s0494.png,sick,s1450.png,G:\Ai-CDD\updated_class_tb_dataset\TBX11K\imgs\sick\s1450.png
1.0,sick,s0523.png,G:\Ai-CDD\updated_class_tb_dataset\TBX11K\imgs\sick\s0523.png,sick,s3098.png,G:\Ai-CDD\updated_class_tb_dataset\TBX11K\imgs\sick\s3098.png
1.0,sick,s0535.png,G:\Ai-CDD\updated_class_tb_dataset\TBX11K\imgs\sick\s0535.png,sick,s4245.png,G:\Ai-CDD\updated_class_tb_dataset\TBX11K\imgs\sick\s4245.png
1.0,sick,s0537.png,G:\Ai-CDD\updated_class_tb_dataset\TBX11K\imgs\sick\s0537.png,sick,s3446.png,G:\Ai-CDD\updated_class_tb_dataset\TBX11K\imgs\sick\s3446.png
1.0,sick,s0572.png,G:\Ai-CDD\updated_class_tb_dataset\TBX11K\imgs\sick\s0572.png,sick,s4574.png,G:\Ai-CDD\updated_class_tb_dataset\TBX11K\imgs\sick\s4574.png
0.9999922,sick,s0578.png,G:\Ai-CDD\updated_class_tb_dataset\TBX11K\imgs\sick\s0578.png,sick,s0990.png,G:\Ai-CDD\updated_class_tb_dataset\TBX11K\imgs\sick\s0990.png
1.0,sick,s0583.png,G:\Ai-CDD\updated_class_tb_dataset\TBX11K\imgs\sick\s0583.png,sick,s3878.png,G:\Ai-CDD\updated_class_tb_dataset\TBX11K\imgs\sick\s3878.png
1.0,sick,s0647.png,G:\Ai-CDD\updated_class_tb_dataset\TBX11K\imgs\sick\s0647.png,sick,s4415.png,G:\Ai-CDD\updated_class_tb_dataset\TBX11K\imgs\sick\s4415.png
1.0,sick,s0667.png,G:\Ai-CDD\updated_class_tb_dataset\TBX11K\imgs\sick\s0667.png,sick,s1421.png,G:\Ai-CDD\updated_class_tb_dataset\TBX11K\imgs\sick\s1421.png
1.0,sick,s0686.png,G:\Ai-CDD\updated_class_tb_dataset\TBX11K\imgs\sick\s0686.png,sick,s2349.png,G:\Ai-CDD\updated_class_tb_dataset\TBX11K\imgs\sick\s2349.png
1.0,sick,s0712.png,G:\Ai-CDD\updated_class_tb_dataset\TBX11K\imgs\sick\s0712.png,sick,s1779.png,G:\Ai-CDD\updated_class_tb_dataset\TBX11K\imgs\sick\s1779.png
1.0,sick,s0722.png,G:\Ai-CDD\updated_class_tb_dataset\TBX11K\imgs\sick\s0722.png,sick,s3834.png,G:\Ai-CDD\updated_class_tb_dataset\TBX11K\imgs\sick\s3834.png
1.0,sick,s0731.png,G:\Ai-CDD\updated_class_tb_dataset\TBX11K\imgs\sick\s0731.png,sick,s2856.png,G:\Ai-CDD\updated_class_tb_dataset\TBX11K\imgs\sick\s2856.png
1.0,sick,s0751.png,G:\Ai-CDD\updated_class_tb_dataset\TBX11K\imgs\sick\s0751.png,sick,s3886.png,G:\Ai-CDD\updated_class_tb_dataset\TBX11K\imgs\sick\s3886.png
1.0,sick,s0765.png,G:\Ai-CDD\updated_class_tb_dataset\TBX11K\imgs\sick\s0765.png,sick,s4621.png,G:\Ai-CDD\updated_class_tb_dataset\TBX11K\imgs\sick\s4621.png
1.0,sick,s0795.png,G:\Ai-CDD\updated_class_tb_dataset\TBX11K\imgs\sick\s0795.png,sick,s4596.png,G:\Ai-CDD\updated_class_tb_dataset\TBX11K\imgs\sick\s4596.png
1.0,sick,s0810.png,G:\Ai-CDD\updated_class_tb_dataset\TBX11K\imgs\sick\s0810.png,sick,s3624.png,G:\Ai-CDD\updated_class_tb_dataset\TBX11K\imgs\sick\s3624.png
1.0,sick,s0811.png,G:\Ai-CDD\updated_class_tb_dataset\TBX11K\imgs\sick\s0811.png,sick,s3291.png,G:\Ai-CDD\updated_class_tb_dataset\TBX11K\imgs\sick\s3291.png
1.0,sick,s0818.png,G:\Ai-CDD\updated_class_tb_dataset\TBX11K\imgs\sick\s0818.png,sick,s1267.png,G:\Ai-CDD\updated_class_tb_dataset\TBX11K\imgs\sick\s1267.png
1.0,sick,s0822.png,G:\Ai-CDD\updated_class_tb_dataset\TBX11K\imgs\sick\s0822.png,sick,s1337.png,G:\Ai-CDD\updated_class_tb_dataset\TBX11K\imgs\sick\s1337.png
0.99999267,sick,s0842.png,G:\Ai-CDD\updated_class_tb_dataset\TBX11K\imgs\sick\s0842.png,sick,s2752.png,G:\Ai-CDD\updated_class_tb_dataset\TBX11K\imgs\sick\s2752.png
1.0,sick,s0865.png,G:\Ai-CDD\updated_class_tb_dataset\TBX11K\imgs\sick\s0865.png,sick,s1987.png,G:\Ai-CDD\updated_class_tb_dataset\TBX11K\imgs\sick\s1987.png
1.0,sick,s0888.png,G:\Ai-CDD\updated_class_tb_dataset\TBX11K\imgs\sick\s0888.png,sick,s1102.png,G:\Ai-CDD\updated_class_tb_dataset\TBX11K\imgs\sick\s1102.png
0.98468626,sick,s0926.png,G:\Ai-CDD\updated_class_tb_dataset\TBX11K\imgs\sick\s0926.png,sick,s2154.png,G:\Ai-CDD\updated_class_tb_dataset\TBX11K\imgs\sick\s2154.png
0.9999868,sick,s0963.png,G:\Ai-CDD\updated_class_tb_dataset\TBX11K\imgs\sick\s0963.png,sick,s3794.png,G:\Ai-CDD\updated_class_tb_dataset\TBX11K\imgs\sick\s3794.png
1.0,sick,s0981.png,G:\Ai-CDD\updated_class_tb_dataset\TBX11K\imgs\sick\s0981.png,sick,s2254.png,G:\Ai-CDD\updated_class_tb_dataset\TBX11K\imgs\sick\s2254.png
1.0,sick,s1003.png,G:\Ai-CDD\updated_class_tb_dataset\TBX11K\imgs\sick\s1003.png,sick,s2164.png,G:\Ai-CDD\updated_class_tb_dataset\TBX11K\imgs\sick\s2164.png
1.0,sick,s1004.png,G:\Ai-CDD\updated_class_tb_dataset\TBX11K\imgs\sick\s1004.png,sick,s2904.png,G:\Ai-CDD\updated_class_tb_dataset\TBX11K\imgs\sick\s2904.png
1.0,sick,s1017.png,G:\Ai-CDD\updated_class_tb_dataset\TBX11K\imgs\sick\s1017.png,sick,s2610.png,G:\Ai-CDD\updated_class_tb_dataset\TBX11K\imgs\sick\s2610.png
1.0,sick,s1040.png,G:\Ai-CDD\updated_class_tb_dataset\TBX11K\imgs\sick\s1040.png,sick,s2068.png,G:\Ai-CDD\updated_class_tb_dataset\TBX11K\imgs\sick\s2068.png
0.99944806,sick,s1046.png,G:\Ai-CDD\updated_class_tb_dataset\TBX11K\imgs\sick\s1046.png,sick,s4401.png,G:\Ai-CDD\updated_class_tb_dataset\TBX11K\imgs\sick\s4401.png
0.9999868,sick,s1122.png,G:\Ai-CDD\updated_class_tb_dataset\TBX11K\imgs\sick\s1122.png,sick,s4974.png,G:\Ai-CDD\updated_class_tb_dataset\TBX11K\imgs\sick\s4974.png
1.0,sick,s1124.png,G:\Ai-CDD\updated_class_tb_dataset\TBX11K\imgs\sick\s1124.png,sick,s2345.png,G:\Ai-CDD\updated_class_tb_dataset\TBX11K\imgs\sick\s2345.png
0.9995067,sick,s1134.png,G:\Ai-CDD\updated_class_tb_dataset\TBX11K\imgs\sick\s1134.png,sick,s4414.png,G:\Ai-CDD\updated_class_tb_dataset\TBX11K\imgs\sick\s4414.png
1.0,sick,s1157.png,G:\Ai-CDD\updated_class_tb_dataset\TBX11K\imgs\sick\s1157.png,sick,s3012.png,G:\Ai-CDD\updated_class_tb_dataset\TBX11K\imgs\sick\s3012.png
0.99999565,sick,s1174.png,G:\Ai-CDD\updated_class_tb_dataset\TBX11K\imgs\sick\s1174.png,sick,s1964.png,G:\Ai-CDD\updated_class_tb_dataset\TBX11K\imgs\sick\s1964.png
1.0,sick,s1193.png,G:\Ai-CDD\updated_class_tb_dataset\TBX11K\imgs\sick\s1193.png,sick,s3628.png,G:\Ai-CDD\updated_class_tb_dataset\TBX11K\imgs\sick\s3628.png
1.0,sick,s1242.png,G:\Ai-CDD\updated_class_tb_dataset\TBX11K\imgs\sick\s1242.png,sick,s1281.png,G:\Ai-CDD\updated_class_tb_dataset\TBX11K\imgs\sick\s1281.png
1.0,sick,s1255.png,G:\Ai-CDD\updated_class_tb_dataset\TBX11K\imgs\sick\s1255.png,sick,s1995.png,G:\Ai-CDD\updated_class_tb_dataset\TBX11K\imgs\sick\s1995.png
1.0,sick,s1270.png,G:\Ai-CDD\updated_class_tb_dataset\TBX11K\imgs\sick\s1270.png,sick,s1623.png,G:\Ai-CDD\updated_class_tb_dataset\TBX11K\imgs\sick\s1623.png
1.0,sick,s1335.png,G:\Ai-CDD\updated_class_tb_dataset\TBX11K\imgs\sick\s1335.png,sick,s3642.png,G:\Ai-CDD\updated_class_tb_dataset\TBX11K\imgs\sick\s3642.png
1.0,sick,s1403.png,G:\Ai-CDD\updated_class_tb_dataset\TBX11K\imgs\sick\s1403.png,sick,s1939.png,G:\Ai-CDD\updated_class_tb_dataset\TBX11K\imgs\sick\s1939.png
1.0,sick,s1426.png,G:\Ai-CDD\updated_class_tb_dataset\TBX11K\imgs\sick\s1426.png,sick,s4284.png,G:\Ai-CDD\updated_class_tb_dataset\TBX11K\imgs\sick\s4284.png
1.0,sick,s1427.png,G:\Ai-CDD\updated_class_tb_dataset\TBX11K\imgs\sick\s1427.png,sick,s2583.png,G:\Ai-CDD\updated_class_tb_dataset\TBX11K\imgs\sick\s2583.png
1.0,sick,s1433.png,G:\Ai-CDD\updated_class_tb_dataset\TBX11K\imgs\sick\s1433.png,sick,s1983.png,G:\Ai-CDD\updated_class_tb_dataset\TBX11K\imgs\sick\s1983.png
1.0,sick,s1463.png,G:\Ai-CDD\updated_class_tb_dataset\TBX11K\imgs\sick\s1463.png,sick,s2801.png,G:\Ai-CDD\updated_class_tb_dataset\TBX11K\imgs\sick\s2801.png
1.0,sick,s1466.png,G:\Ai-CDD\updated_class_tb_dataset\TBX11K\imgs\sick\s1466.png,sick,s2500.png,G:\Ai-CDD\updated_class_tb_dataset\TBX11K\imgs\sick\s2500.png
1.0,sick,s1499.png,G:\Ai-CDD\updated_class_tb_dataset\TBX11K\imgs\sick\s1499.png,sick,s2558.png,G:\Ai-CDD\updated_class_tb_dataset\TBX11K\imgs\sick\s2558.png
1.0,sick,s1529.png,G:\Ai-CDD\updated_class_tb_dataset\TBX11K\imgs\sick\s1529.png,sick,s2166.png,G:\Ai-CDD\updated_class_tb_dataset\TBX11K\imgs\sick\s2166.png
1.0,sick,s1626.png,G:\Ai-CDD\updated_class_tb_dataset\TBX11K\imgs\sick\s1626.png,sick,s2117.png,G:\Ai-CDD\updated_class_tb_dataset\TBX11K\imgs\sick\s2117.png
1.0,sick,s1639.png,G:\Ai-CDD\updated_class_tb_dataset\TBX11K\imgs\sick\s1639.png,sick,s3517.png,G:\Ai-CDD\updated_class_tb_dataset\TBX11K\imgs\sick\s3517.png
0.999103,sick,s1647.png,G:\Ai-CDD\updated_class_tb_dataset\TBX11K\imgs\sick\s1647.png,sick,s3714.png,G:\Ai-CDD\updated_class_tb_dataset\TBX11K\imgs\sick\s3714.png
1.0,sick,s1697.png,G:\Ai-CDD\updated_class_tb_dataset\TBX11K\imgs\sick\s1697.png,sick,s2210.png,G:\Ai-CDD\updated_class_tb_dataset\TBX11K\imgs\sick\s2210.png
1.0,sick,s1706.png,G:\Ai-CDD\updated_class_tb_dataset\TBX11K\imgs\sick\s1706.png,sick,s2857.png,G:\Ai-CDD\updated_class_tb_dataset\TBX11K\imgs\sick\s2857.png
1.0,sick,s1708.png,G:\Ai-CDD\updated_class_tb_dataset\TBX11K\imgs\sick\s1708.png,sick,s4617.png,G:\Ai-CDD\updated_class_tb_dataset\TBX11K\imgs\sick\s4617.png
0.99979687,sick,s1795.png,G:\Ai-CDD\updated_class_tb_dataset\TBX11K\imgs\sick\s1795.png,sick,s2295.png,G:\Ai-CDD\updated_class_tb_dataset\TBX11K\imgs\sick\s2295.png
1.0,sick,s1819.png,G:\Ai-CDD\updated_class_tb_dataset\TBX11K\imgs\sick\s1819.png,sick,s4058.png,G:\Ai-CDD\updated_class_tb_dataset\TBX11K\imgs\sick\s4058.png
1.0,sick,s1851.png,G:\Ai-CDD\updated_class_tb_dataset\TBX11K\imgs\sick\s1851.png,sick,s4187.png,G:\Ai-CDD\updated_class_tb_dataset\TBX11K\imgs\sick\s4187.png
1.0,sick,s1855.png,G:\Ai-CDD\updated_class_tb_dataset\TBX11K\imgs\sick\s1855.png,sick,s2653.png,G:\Ai-CDD\updated_class_tb_dataset\TBX11K\imgs\sick\s2653.png
1.0,sick,s1858.png,G:\Ai-CDD\updated_class_tb_dataset\TBX11K\imgs\sick\s1858.png,sick,s4449.png,G:\Ai-CDD\updated_class_tb_dataset\TBX11K\imgs\sick\s4449.png
1.0,sick,s1861.png,G:\Ai-CDD\updated_class_tb_dataset\TBX11K\imgs\sick\s1861.png,sick,s2139.png,G:\Ai-CDD\updated_class_tb_dataset\TBX11K\imgs\sick\s2139.png
1.0,sick,s1870.png,G:\Ai-CDD\updated_class_tb_dataset\TBX11K\imgs\sick\s1870.png,sick,s2609.png,G:\Ai-CDD\updated_class_tb_dataset\TBX11K\imgs\sick\s2609.png
0.9999529,sick,s1908.png,G:\Ai-CDD\updated_class_tb_dataset\TBX11K\imgs\sick\s1908.png,sick,s4844.png,G:\Ai-CDD\updated_class_tb_dataset\TBX11K\imgs\sick\s4844.png
1.0,sick,s1936.png,G:\Ai-CDD\updated_class_tb_dataset\TBX11K\imgs\sick\s1936.png,sick,s4442.png,G:\Ai-CDD\updated_class_tb_dataset\TBX11K\imgs\sick\s4442.png
0.9974855,sick,s1948.png,G:\Ai-CDD\updated_class_tb_dataset\TBX11K\imgs\sick\s1948.png,sick,s2249.png,G:\Ai-CDD\updated_class_tb_dataset\TBX11K\imgs\sick\s2249.png
0.9999218,sick,s1957.png,G:\Ai-CDD\updated_class_tb_dataset\TBX11K\imgs\sick\s1957.png,sick,s2150.png,G:\Ai-CDD\updated_class_tb_dataset\TBX11K\imgs\sick\s2150.png
1.0,sick,s1976.png,G:\Ai-CDD\updated_class_tb_dataset\TBX11K\imgs\sick\s1976.png,sick,s2413.png,G:\Ai-CDD\updated_class_tb_dataset\TBX11K\imgs\sick\s2413.png
1.0,sick,s2016.png,G:\Ai-CDD\updated_class_tb_dataset\TBX11K\imgs\sick\s2016.png,sick,s2568.png,G:\Ai-CDD\updated_class_tb_dataset\TBX11K\imgs\sick\s2568.png
1.0,sick,s2017.png,G:\Ai-CDD\updated_class_tb_dataset\TBX11K\imgs\sick\s2017.png,sick,s3051.png,G:\Ai-CDD\updated_class_tb_dataset\TBX11K\imgs\sick\s3051.png
0.9999933,sick,s2023.png,G:\Ai-CDD\updated_class_tb_dataset\TBX11K\imgs\sick\s2023.png,sick,s3669.png,G:\Ai-CDD\updated_class_tb_dataset\TBX11K\imgs\sick\s3669.png
0.99910694,sick,s2082.png,G:\Ai-CDD\updated_class_tb_dataset\TBX11K\imgs\sick\s2082.png,sick,s3844.png,G:\Ai-CDD\updated_class_tb_dataset\TBX11K\imgs\sick\s3844.png
1.0,sick,s2093.png,G:\Ai-CDD\updated_class_tb_dataset\TBX11K\imgs\sick\s2093.png,sick,s3662.png,G:\Ai-CDD\updated_class_tb_dataset\TBX11K\imgs\sick\s3662.png
1.0,sick,s2106.png,G:\Ai-CDD\updated_class_tb_dataset\TBX11K\imgs\sick\s2106.png,sick,s2276.png,G:\Ai-CDD\updated_class_tb_dataset\TBX11K\imgs\sick\s2276.png
1.0,sick,s2202.png,G:\Ai-CDD\updated_class_tb_dataset\TBX11K\imgs\sick\s2202.png,sick,s4121.png,G:\Ai-CDD\updated_class_tb_dataset\TBX11K\imgs\sick\s4121.png
1.0,sick,s2252.png,G:\Ai-CDD\updated_class_tb_dataset\TBX11K\imgs\sick\s2252.png,sick,s3763.png,G:\Ai-CDD\updated_class_tb_dataset\TBX11K\imgs\sick\s3763.png
1.0,sick,s2268.png,G:\Ai-CDD\updated_class_tb_dataset\TBX11K\imgs\sick\s2268.png,sick,s2665.png,G:\Ai-CDD\updated_class_tb_dataset\TBX11K\imgs\sick\s2665.png
0.9998606,sick,s2293.png,G:\Ai-CDD\updated_class_tb_dataset\TBX11K\imgs\sick\s2293.png,sick,s4090.png,G:\Ai-CDD\updated_class_tb_dataset\TBX11K\imgs\sick\s4090.png
1.0,sick,s2311.png,G:\Ai-CDD\updated_class_tb_dataset\TBX11K\imgs\sick\s2311.png,sick,s4026.png,G:\Ai-CDD\updated_class_tb_dataset\TBX11K\imgs\sick\s4026.png
1.0,sick,s2322.png,G:\Ai-CDD\updated_class_tb_dataset\TBX11K\imgs\sick\s2322.png,sick,s4240.png,G:\Ai-CDD\updated_class_tb_dataset\TBX11K\imgs\sick\s4240.png
1.0,sick,s2333.png,G:\Ai-CDD\updated_class_tb_dataset\TBX11K\imgs\sick\s2333.png,sick,s4537.png,G:\Ai-CDD\updated_class_tb_dataset\TBX11K\imgs\sick\s4537.png
0.9999712,sick,s2339.png,G:\Ai-CDD\updated_class_tb_dataset\TBX11K\imgs\sick\s2339.png,sick,s3687.png,G:\Ai-CDD\updated_class_tb_dataset\TBX11K\imgs\sick\s3687.png
1.0,sick,s2400.png,G:\Ai-CDD\updated_class_tb_dataset\TBX11K\imgs\sick\s2400.png,sick,s4968.png,G:\Ai-CDD\updated_class_tb_dataset\TBX11K\imgs\sick\s4968.png
1.0,sick,s2410.png,G:\Ai-CDD\updated_class_tb_dataset\TBX11K\imgs\sick\s2410.png,sick,s3113.png,G:\Ai-CDD\updated_class_tb_dataset\TBX11K\imgs\sick\s3113.png
1.0,sick,s2432.png,G:\Ai-CDD\updated_class_tb_dataset\TBX11K\imgs\sick\s2432.png,sick,s3677.png,G:\Ai-CDD\updated_class_tb_dataset\TBX11K\imgs\sick\s3677.png
1.0,sick,s2456.png,G:\Ai-CDD\updated_class_tb_dataset\TBX11K\imgs\sick\s2456.png,sick,s2507.png,G:\Ai-CDD\updated_class_tb_dataset\TBX11K\imgs\sick\s2507.png
1.0,sick,s2464.png,G:\Ai-CDD\updated_class_tb_dataset\TBX11K\imgs\sick\s2464.png,sick,s3385.png,G:\Ai-CDD\updated_class_tb_dataset\TBX11K\imgs\sick\s3385.png
0.9951582,sick,s2488.png,G:\Ai-CDD\updated_class_tb_dataset\TBX11K\imgs\sick\s2488.png,sick,s3912.png,G:\Ai-CDD\updated_class_tb_dataset\TBX11K\imgs\sick\s3912.png
1.0,sick,s2508.png,G:\Ai-CDD\updated_class_tb_dataset\TBX11K\imgs\sick\s2508.png,sick,s4607.png,G:\Ai-CDD\updated_class_tb_dataset\TBX11K\imgs\sick\s4607.png
1.0,sick,s2515.png,G:\Ai-CDD\updated_class_tb_dataset\TBX11K\imgs\sick\s2515.png,sick,s3756.png,G:\Ai-CDD\updated_class_tb_dataset\TBX11K\imgs\sick\s3756.png
1.0,sick,s2550.png,G:\Ai-CDD\updated_class_tb_dataset\TBX11K\imgs\sick\s2550.png,sick,s4069.png,G:\Ai-CDD\updated_class_tb_dataset\TBX11K\imgs\sick\s4069.png
0.99995685,sick,s2578.png,G:\Ai-CDD\updated_class_tb_dataset\TBX11K\imgs\sick\s2578.png,sick,s4337.png,G:\Ai-CDD\updated_class_tb_dataset\TBX11K\imgs\sick\s4337.png
1.0,sick,s2607.png,G:\Ai-CDD\updated_class_tb_dataset\TBX11K\imgs\sick\s2607.png,sick,s3597.png,G:\Ai-CDD\updated_class_tb_dataset\TBX11K\imgs\sick\s3597.png
1.0,sick,s2649.png,G:\Ai-CDD\updated_class_tb_dataset\TBX11K\imgs\sick\s2649.png,sick,s4950.png,G:\Ai-CDD\updated_class_tb_dataset\TBX11K\imgs\sick\s4950.png
1.0,sick,s2669.png,G:\Ai-CDD\updated_class_tb_dataset\TBX11K\imgs\sick\s2669.png,sick,s4818.png,G:\Ai-CDD\updated_class_tb_dataset\TBX11K\imgs\sick\s4818.png
1.0,sick,s2739.png,G:\Ai-CDD\updated_class_tb_dataset\TBX11K\imgs\sick\s2739.png,sick,s4030.png,G:\Ai-CDD\updated_class_tb_dataset\TBX11K\imgs\sick\s4030.png
1.0,sick,s2757.png,G:\Ai-CDD\updated_class_tb_dataset\TBX11K\imgs\sick\s2757.png,sick,s2977.png,G:\Ai-CDD\updated_class_tb_dataset\TBX11K\imgs\sick\s2977.png
1.0,sick,s2831.png,G:\Ai-CDD\updated_class_tb_dataset\TBX11K\imgs\sick\s2831.png,sick,s4411.png,G:\Ai-CDD\updated_class_tb_dataset\TBX11K\imgs\sick\s4411.png
1.0,sick,s2833.png,G:\Ai-CDD\updated_class_tb_dataset\TBX11K\imgs\sick\s2833.png,sick,s2932.png,G:\Ai-CDD\updated_class_tb_dataset\TBX11K\imgs\sick\s2932.png
1.0,sick,s2884.png,G:\Ai-CDD\updated_class_tb_dataset\TBX11K\imgs\sick\s2884.png,sick,s2993.png,G:\Ai-CDD\updated_class_tb_dataset\TBX11K\imgs\sick\s2993.png
1.0,sick,s2945.png,G:\Ai-CDD\updated_class_tb_dataset\TBX11K\imgs\sick\s2945.png,sick,s4702.png,G:\Ai-CDD\updated_class_tb_dataset\TBX11K\imgs\sick\s4702.png
0.99480087,sick,s3050.png,G:\Ai-CDD\updated_class_tb_dataset\TBX11K\imgs\sick\s3050.png,sick,s4626.png,G:\Ai-CDD\updated_class_tb_dataset\TBX11K\imgs\sick\s4626.png
1.0,sick,s3322.png,G:\Ai-CDD\updated_class_tb_dataset\TBX11K\imgs\sick\s3322.png,sick,s3438.png,G:\Ai-CDD\updated_class_tb_dataset\TBX11K\imgs\sick\s3438.png
1.0,sick,s3346.png,G:\Ai-CDD\updated_class_tb_dataset\TBX11K\imgs\sick\s3346.png,sick,s4112.png,G:\Ai-CDD\updated_class_tb_dataset\TBX11K\imgs\sick\s4112.png
1.0,sick,s3352.png,G:\Ai-CDD\updated_class_tb_dataset\TBX11K\imgs\sick\s3352.png,sick,s4748.png,G:\Ai-CDD\updated_class_tb_dataset\TBX11K\imgs\sick\s4748.png
1.0,sick,s3430.png,G:\Ai-CDD\updated_class_tb_dataset\TBX11K\imgs\sick\s3430.png,sick,s3648.png,G:\Ai-CDD\updated_class_tb_dataset\TBX11K\imgs\sick\s3648.png
1.0,sick,s3454.png,G:\Ai-CDD\updated_class_tb_dataset\TBX11K\imgs\sick\s3454.png,sick,s3786.png,G:\Ai-CDD\updated_class_tb_dataset\TBX11K\imgs\sick\s3786.png
1.0,sick,s3503.png,G:\Ai-CDD\updated_class_tb_dataset\TBX11K\imgs\sick\s3503.png,sick,s4248.png,G:\Ai-CDD\updated_class_tb_dataset\TBX11K\imgs\sick\s4248.png
0.9999585,sick,s3610.png,G:\Ai-CDD\updated_class_tb_dataset\TBX11K\imgs\sick\s3610.png,sick,s3977.png,G:\Ai-CDD\updated_class_tb_dataset\TBX11K\imgs\sick\s3977.png
1.0,sick,s3710.png,G:\Ai-CDD\updated_class_tb_dataset\TBX11K\imgs\sick\s3710.png,sick,s4279.png,G:\Ai-CDD\updated_class_tb_dataset\TBX11K\imgs\sick\s4279.png
1.0,sick,s3758.png,G:\Ai-CDD\updated_class_tb_dataset\TBX11K\imgs\sick\s3758.png,sick,s4110.png,G:\Ai-CDD\updated_class_tb_dataset\TBX11K\imgs\sick\s4110.png
1.0,sick,s3816.png,G:\Ai-CDD\updated_class_tb_dataset\TBX11K\imgs\sick\s3816.png,sick,s4749.png,G:\Ai-CDD\updated_class_tb_dataset\TBX11K\imgs\sick\s4749.png
1.0,sick,s3838.png,G:\Ai-CDD\updated_class_tb_dataset\TBX11K\imgs\sick\s3838.png,sick,s3921.png,G:\Ai-CDD\updated_class_tb_dataset\TBX11K\imgs\sick\s3921.png
1.0,sick,s3839.png,G:\Ai-CDD\updated_class_tb_dataset\TBX11K\imgs\sick\s3839.png,sick,s3902.png,G:\Ai-CDD\updated_class_tb_dataset\TBX11K\imgs\sick\s3902.png
1.0,sick,s3895.png,G:\Ai-CDD\updated_class_tb_dataset\TBX11K\imgs\sick\s3895.png,sick,s4809.png,G:\Ai-CDD\updated_class_tb_dataset\TBX11K\imgs\sick\s4809.png
1.0,sick,s4018.png,G:\Ai-CDD\updated_class_tb_dataset\TBX11K\imgs\sick\s4018.png,sick,s4576.png,G:\Ai-CDD\updated_class_tb_dataset\TBX11K\imgs\sick\s4576.png
1.0,sick,s4089.png,G:\Ai-CDD\updated_class_tb_dataset\TBX11K\imgs\sick\s4089.png,sick,s4567.png,G:\Ai-CDD\updated_class_tb_dataset\TBX11K\imgs\sick\s4567.png
1.0,sick,s4125.png,G:\Ai-CDD\updated_class_tb_dataset\TBX11K\imgs\sick\s4125.png,sick,s4217.png,G:\Ai-CDD\updated_class_tb_dataset\TBX11K\imgs\sick\s4217.png
1.0,sick,s4318.png,G:\Ai-CDD\updated_class_tb_dataset\TBX11K\imgs\sick\s4318.png,sick,s4678.png,G:\Ai-CDD\updated_class_tb_dataset\TBX11K\imgs\sick\s4678.png
1.0,sick,s4402.png,G:\Ai-CDD\updated_class_tb_dataset\TBX11K\imgs\sick\s4402.png,sick,s4862.png,G:\Ai-CDD\updated_class_tb_dataset\TBX11K\imgs\sick\s4862.png
1.0,sick,s4407.png,G:\Ai-CDD\updated_class_tb_dataset\TBX11K\imgs\sick\s4407.png,sick,s4976.png,G:\Ai-CDD\updated_class_tb_dataset\TBX11K\imgs\sick\s4976.png
1.0,sick,s4579.png,G:\Ai-CDD\updated_class_tb_dataset\TBX11K\imgs\sick\s4579.png,sick,s4932.png,G:\Ai-CDD\updated_class_tb_dataset\TBX11K\imgs\sick\s4932.png
1.0,sick,s4824.png,G:\Ai-CDD\updated_class_tb_dataset\TBX11K\imgs\sick\s4824.png,sick,s4960.png,G:\Ai-CDD\updated_class_tb_dataset\TBX11K\imgs\sick\s4960.png
